-0.6,-0.3325,-0.3325,-1.0,-1.0,-1.0,-1.0,0.0,-1.0,-1.0,-0.6,-1.0,-1.0,-1.0,-1.0,-1.0,-1.0,-1.0,-1.0,-1.0,1.0,0.3325,-1.0,-1.0,-1.0,-1.0,1.0,1.0,0.3325,1.0,-0.5,-1.0,-1.0,-1.0,-1.0,-1.0,-1.0,-1.0,-1.0,-1.0,-1.0,-1.0,0.0,0.0,-1.0,-1.0,-1.0,-1.0,-1.0,-1.0,-1.0,-1.0,-1.0,-1.0,-1.0,-1.0,-1.0,-1.0,-1.0,-1.0,0.809
-0.6,0.0,0.0,-1.0,-0.3325,-1.0,-1.0,0.0,-1.0,0.0,-1.0,-1.0,-1.0,-1.0,-1.0,-1.0,-1.0,-1.0,-1.0,-1.0,-1.0,-1.0,-1.0,-1.0,-1.0,-1.0,-1.0,-1.0,-1.0,-1.0,-1.0,-1.0,-1.0,-1.0,-1.0,-1.0,-1.0,-1.0,-1.0,-1.0,-1.0,-1.0,0.0,0.0,-1.0,-1.0,-1.0,-1.0,-1.0,-1.0,-1.0,-1.0,-1.0,-1.0,-1.0,-1.0,-1.0,-1.0,-1.0,-1.0,0.602
-0.6,-1.0,-1.0,-1.0,-1.0,-1.0,-1.0,-1.0,-1.0,-1.0,-1.0,-1.0,-1.0,-1.0,-1.0,-1.0,-1.0,-1.0,-1.0,-1.0,-1.0,-1.0,-1.0,-1.0,-1.0,-1.0,-1.0,-1.0,-1.0,-1.0,0.0,0.75,-0.715,0.0,0.3325,0.0,-1.0,0.0,-0.3325,1.0,-0.5,-1.0,0.0,0.0,-1.0,-1.0,-1.0,-1.0,-1.0,-1.0,1.0,0.0,-1.0,-1.0,-1.0,-1.0,1.0,1.0,0.3325,0.3325,0.442
-0.6,-1.0,-1.0,-1.0,-1.0,-1.0,-1.0,-1.0,-1.0,-1.0,-1.0,-1.0,-1.0,-1.0,-1.0,-1.0,-1.0,-1.0,-1.0,-1.0,-1.0,-1.0,-1.0,-1.0,-1.0,-1.0,-1.0,-1.0,-1.0,-1.0,0.0,0.0,-0.1425,0.0,-0.3325,0.0,-1.0,0.0,-0.3325,-0.5,-0.5,-1.0,0.0,0.0,-1.0,-1.0,-1.0,-1.0,-1.0,-1.0,1.0,0.0,-1.0,-1.0,-1.0,-1.0,1.0,1.0,0.3325,0.3325,0.718
-0.6,-1.0,-1.0,-1.0,-1.0,-1.0,-1.0,-1.0,-1.0,-1.0,-1.0,-1.0,-1.0,-1.0,-1.0,-1.0,-1.0,-1.0,-1.0,-1.0,-1.0,-1.0,-1.0,-1.0,-1.0,-1.0,-1.0,-1.0,-1.0,-1.0,0.0,0.0,-0.4275,-1.0,-0.3325,1.0,-1.0,0.0,-0.3325,0.0,-0.5,-1.0,0.0,0.0,-1.0,-1.0,-1.0,-1.0,-1.0,-1.0,-0.5,-1.0,-1.0,-1.0,-1.0,-1.0,-1.0,-1.0,-1.0,-1.0,0.697
0.2,-0.6675,-1.0,-1.0,-1.0,0.0,-1.0,0.0,1.0,-1.0,-1.0,-1.0,-1.0,-1.0,-1.0,-1.0,-1.0,-1.0,-1.0,-1.0,-1.0,-1.0,-1.0,-1.0,-1.0,-1.0,-1.0,-1.0,-1.0,-1.0,0.0,-0.5,-0.4275,-1.0,-0.3325,-1.0,-1.0,0.0,-1.0,-1.0,0.5,1.0,0.0,0.0,1.0,-1.0,0.0,0.0,-1.0,1.0,-0.5,-1.0,-1.0,-1.0,-1.0,-1.0,-1.0,-1.0,-1.0,-1.0,0.757
0.2,-0.6675,-1.0,-1.0,-1.0,0.0,-1.0,0.0,1.0,-1.0,-1.0,-1.0,-1.0,-1.0,-1.0,-1.0,-1.0,-1.0,-1.0,-1.0,-1.0,-1.0,-1.0,-1.0,-1.0,-1.0,-1.0,-1.0,-1.0,-1.0,0.5,-0.75,-1.0,-1.0,-1.0,0.0,-1.0,0.0,1.0,-1.0,-1.0,-1.0,0.0,0.0,-1.0,-1.0,-1.0,-1.0,-1.0,-1.0,-1.0,-1.0,-1.0,-1.0,-1.0,-1.0,-1.0,-1.0,-1.0,-1.0,0.9
-1.0,-1.0,-1.0,-1.0,-1.0,-1.0,-1.0,-1.0,-1.0,-1.0,-1.0,-1.0,-1.0,-1.0,-1.0,-1.0,-1.0,-1.0,-1.0,-1.0,-1.0,-1.0,-1.0,-1.0,-1.0,-1.0,-1.0,-1.0,-1.0,-1.0,0.0,-0.5,-0.715,-1.0,-0.3325,-1.0,-1.0,0.0,-1.0,-1.0,-1.0,-1.0,0.0,0.0,-1.0,-1.0,-1.0,-1.0,-1.0,-1.0,-1.0,-1.0,-1.0,-1.0,-1.0,-1.0,-1.0,-1.0,-1.0,-1.0,0.564
0.2,-0.6675,-1.0,-1.0,-1.0,0.0,-1.0,0.0,1.0,-1.0,-1.0,-1.0,-1.0,-1.0,-1.0,-1.0,-1.0,-1.0,-1.0,-1.0,-1.0,-1.0,-1.0,-1.0,-1.0,-1.0,-1.0,-1.0,-1.0,-1.0,0.0,0.25,-0.1425,0.0,1.0,0.0,-1.0,0.0,-0.3325,-0.5,-0.5,-1.0,0.0,0.0,-1.0,-1.0,-1.0,-1.0,-1.0,-1.0,1.0,0.0,-1.0,-1.0,-1.0,-1.0,1.0,1.0,0.3325,0.3325,0.772
0.2,-0.6675,-1.0,-1.0,-1.0,0.0,-1.0,0.0,1.0,-1.0,-1.0,-1.0,-1.0,-1.0,-1.0,-1.0,-1.0,-1.0,-1.0,-1.0,-1.0,-1.0,-1.0,-1.0,-1.0,-1.0,-1.0,-1.0,-1.0,-1.0,0.0,0.5,0.1425,1.0,1.0,0.0,-1.0,0.0,-0.3325,-0.5,1.0,-0.2,0.0,0.0,-1.0,-1.0,0.0,1.0,0.3325,1.0,-0.5,-0.5,-1.0,-1.0,-1.0,-1.0,-1.0,0.0,-1.0,-1.0,0.801
0.2,-0.6675,-1.0,-1.0,-1.0,0.0,-1.0,0.0,1.0,-1.0,-1.0,-1.0,-1.0,-1.0,-1.0,-1.0,-1.0,-1.0,-1.0,-1.0,-1.0,-1.0,-1.0,-1.0,-1.0,-1.0,-1.0,-1.0,-1.0,-1.0,0.0,-0.5,-0.4275,-1.0,-0.3325,-1.0,-1.0,0.0,-1.0,-1.0,-0.5,-1.0,0.0,0.0,-1.0,-1.0,-1.0,-1.0,-1.0,-1.0,1.0,0.0,-1.0,-1.0,-1.0,-1.0,1.0,1.0,0.3325,0.3325,0.701
-0.6,-1.0,-1.0,-1.0,-1.0,-1.0,-1.0,-1.0,-1.0,-1.0,-1.0,-1.0,-1.0,-1.0,-1.0,-1.0,-1.0,-1.0,-1.0,-1.0,-1.0,-1.0,-1.0,-1.0,-1.0,-1.0,-1.0,-1.0,-1.0,-1.0,0.0,-0.25,-0.1425,-1.0,0.3325,0.0,-1.0,0.0,-0.3325,-1.0,-0.5,-1.0,0.0,0.0,-1.0,-1.0,-1.0,-1.0,-1.0,-1.0,0.0,0.5,1.0,1.0,1.0,1.0,-1.0,0.0,-0.3325,-0.3325,0.726
-0.6,0.3325,-0.3325,-1.0,-0.3325,-1.0,-1.0,0.0,-1.0,1.0,-1.0,-1.0,-1.0,-1.0,-1.0,-1.0,-1.0,-1.0,-1.0,-1.0,-1.0,-1.0,-1.0,-1.0,-1.0,-1.0,-1.0,-1.0,-1.0,-1.0,-1.0,-1.0,-1.0,-1.0,-1.0,-1.0,-1.0,-1.0,-1.0,-1.0,-1.0,-1.0,0.0,0.0,-1.0,-1.0,-1.0,-1.0,-1.0,-1.0,-1.0,-1.0,-1.0,-1.0,-1.0,-1.0,-1.0,-1.0,-1.0,-1.0,0.591
-0.2,0.3325,0.3325,-1.0,-0.3325,0.0,-1.0,0.0,-0.3325,-1.0,-0.6,-1.0,-1.0,-1.0,-1.0,-1.0,-1.0,-1.0,-1.0,-1.0,-0.5,-1.0,-1.0,-1.0,-1.0,-1.0,-1.0,-1.0,-1.0,-1.0,-0.5,-1.0,-1.0,-1.0,-1.0,-1.0,-1.0,-1.0,-1.0,-1.0,-1.0,-1.0,0.0,0.0,-1.0,-1.0,-1.0,-1.0,-1.0,-1.0,-1.0,-1.0,-1.0,-1.0,-1.0,-1.0,-1.0,-1.0,-1.0,-1.0,0.861
-0.6,-1.0,-1.0,-1.0,-1.0,-1.0,-1.0,-1.0,-1.0,-1.0,-1.0,-1.0,-1.0,-1.0,-1.0,-1.0,-1.0,-1.0,-1.0,-1.0,-1.0,-1.0,-1.0,-1.0,-1.0,-1.0,-1.0,-1.0,-1.0,-1.0,-0.5,-0.5,-0.4275,-1.0,-1.0,-1.0,-1.0,0.0,-1.0,-1.0,-0.5,-1.0,0.0,0.0,-1.0,-1.0,-1.0,-1.0,-1.0,-1.0,-0.5,-1.0,-1.0,-1.0,-1.0,-1.0,-1.0,-1.0,-1.0,-1.0,0.765
0.2,-0.6675,-1.0,-1.0,-1.0,0.0,-1.0,0.0,1.0,-1.0,-1.0,-1.0,-1.0,-1.0,-1.0,-1.0,-1.0,-1.0,-1.0,-1.0,-1.0,-1.0,-1.0,-1.0,-1.0,-1.0,-1.0,-1.0,-1.0,-1.0,0.0,-0.5,-0.4275,-1.0,-0.3325,-1.0,-1.0,0.0,-1.0,-1.0,0.5,1.0,0.0,0.0,0.0,-1.0,0.0,0.0,-1.0,1.0,-0.5,-1.0,-1.0,-1.0,-1.0,-1.0,-1.0,-1.0,-1.0,-1.0,0.792
-0.6,-1.0,-1.0,-1.0,-1.0,-1.0,-1.0,-1.0,-1.0,-1.0,-1.0,-1.0,-1.0,-1.0,-1.0,-1.0,-1.0,-1.0,-1.0,-1.0,-1.0,-1.0,-1.0,-1.0,-1.0,-1.0,-1.0,-1.0,-1.0,-1.0,0.0,0.5,-0.4275,0.0,-0.3325,0.0,-1.0,0.0,-0.3325,0.5,1.0,-0.2,0.0,0.0,-1.0,-1.0,0.0,1.0,0.3325,1.0,-0.5,-1.0,-1.0,-1.0,-1.0,-1.0,-1.0,-1.0,-1.0,-1.0,0.558
-1.0,-1.0,-1.0,-1.0,-1.0,-1.0,-1.0,-1.0,-1.0,-1.0,-1.0,-1.0,-1.0,-1.0,-1.0,-1.0,-1.0,-1.0,-1.0,-1.0,-1.0,-1.0,-1.0,-1.0,-1.0,-1.0,-1.0,-1.0,-1.0,-1.0,0.0,0.25,-0.715,-1.0,0.3325,0.0,-1.0,-1.0,-0.3325,0.0,-1.0,-1.0,0.0,0.0,-1.0,-1.0,-1.0,-1.0,-1.0,-1.0,-1.0,-1.0,-1.0,-1.0,-1.0,-1.0,-1.0,-1.0,-1.0,-1.0,0.606
0.2,-0.6675,-1.0,-1.0,-1.0,0.0,-1.0,0.0,1.0,-1.0,-1.0,-1.0,-1.0,-1.0,-1.0,-1.0,-1.0,-1.0,-1.0,-1.0,-1.0,-1.0,-1.0,-1.0,-1.0,-1.0,-1.0,-1.0,-1.0,-1.0,0.5,0.25,0.1425,0.0,0.3325,-1.0,0.0,0.0,-1.0,-0.5,-0.5,-1.0,0.0,0.0,-1.0,-1.0,-1.0,-1.0,-1.0,-1.0,1.0,0.0,-1.0,-1.0,-1.0,-1.0,1.0,1.0,0.3325,0.3325,0.718
-0.2,0.0,0.0,-1.0,0.3325,0.0,-1.0,0.0,-0.3325,-1.0,-0.2,1.0,1.0,1.0,1.0,1.0,-1.0,0.0,-0.3325,0.0,-0.5,-1.0,-1.0,-1.0,-1.0,-1.0,-1.0,-1.0,-1.0,-1.0,-0.5,-1.0,-1.0,-1.0,-1.0,-1.0,-1.0,-1.0,-1.0,-1.0,-1.0,-1.0,0.0,0.0,-1.0,-1.0,-1.0,-1.0,-1.0,-1.0,-1.0,-1.0,-1.0,-1.0,-1.0,-1.0,-1.0,-1.0,-1.0,-1.0,0.718
-0.6,-1.0,-1.0,-1.0,-1.0,-1.0,-1.0,-1.0,-1.0,-1.0,-1.0,-1.0,-1.0,-1.0,-1.0,-1.0,-1.0,-1.0,-1.0,-1.0,-1.0,-1.0,-1.0,-1.0,-1.0,-1.0,-1.0,-1.0,-1.0,-1.0,0.0,-0.25,-0.715,0.0,-0.3325,0.0,-1.0,0.0,-0.3325,-0.5,1.0,-0.2,0.0,0.0,-1.0,-1.0,0.0,1.0,0.3325,1.0,-0.5,-1.0,-1.0,-1.0,-1.0,-1.0,-1.0,-1.0,-1.0,-1.0,0.801
-0.6,-1.0,-1.0,-1.0,-1.0,-1.0,-1.0,-1.0,-1.0,-1.0,-1.0,-1.0,-1.0,-1.0,-1.0,-1.0,-1.0,-1.0,-1.0,-1.0,-1.0,-1.0,-1.0,-1.0,-1.0,-1.0,-1.0,-1.0,-1.0,-1.0,0.0,0.5,0.1425,-1.0,-0.3325,-1.0,-1.0,0.0,-1.0,0.0,-0.5,-1.0,0.0,0.0,-1.0,-1.0,-1.0,-1.0,-1.0,-1.0,-0.5,-1.0,-1.0,-1.0,-1.0,-1.0,-1.0,-1.0,-1.0,-1.0,0.645
-1.0,-1.0,-1.0,-1.0,-1.0,-1.0,-1.0,-1.0,-1.0,-1.0,-1.0,-1.0,-1.0,-1.0,-1.0,-1.0,-1.0,-1.0,-1.0,-1.0,-1.0,-1.0,-1.0,-1.0,-1.0,-1.0,-1.0,-1.0,-1.0,-1.0,1.0,-0.75,-1.0,-1.0,-0.3325,-1.0,1.0,1.0,-1.0,-1.0,-1.0,-1.0,0.0,0.0,-1.0,-1.0,-1.0,-1.0,-1.0,-1.0,-1.0,-1.0,-1.0,-1.0,-1.0,-1.0,-1.0,-1.0,-1.0,-1.0,0.195
-0.2,0.0,0.3325,-1.0,0.3325,0.0,-1.0,0.0,-0.3325,-1.0,-0.6,-1.0,-1.0,-1.0,-1.0,-1.0,-1.0,-1.0,-1.0,-1.0,0.0,1.0,1.0,1.0,1.0,1.0,-1.0,0.0,-0.3325,0.0,-0.5,-1.0,-1.0,-1.0,-1.0,-1.0,-1.0,-1.0,-1.0,-1.0,-1.0,-1.0,0.0,0.0,-1.0,-1.0,-1.0,-1.0,-1.0,-1.0,-1.0,-1.0,-1.0,-1.0,-1.0,-1.0,-1.0,-1.0,-1.0,-1.0,0.695
-1.0,-1.0,-1.0,-1.0,-1.0,-1.0,-1.0,-1.0,-1.0,-1.0,-1.0,-1.0,-1.0,-1.0,-1.0,-1.0,-1.0,-1.0,-1.0,-1.0,-1.0,-1.0,-1.0,-1.0,-1.0,-1.0,-1.0,-1.0,-1.0,-1.0,0.0,0.0,-0.1425,-1.0,-0.3325,-1.0,-1.0,0.0,-1.0,0.0,-1.0,-1.0,0.0,0.0,-1.0,-1.0,-1.0,-1.0,-1.0,-1.0,-1.0,-1.0,-1.0,-1.0,-1.0,-1.0,-1.0,-1.0,-1.0,-1.0,0.533
-0.2,0.3325,-0.6675,1.0,0.3325,0.0,-1.0,0.0,-0.3325,0.0,0.6,0.3325,-1.0,-1.0,-1.0,-1.0,0.0,1.0,0.3325,1.0,-0.5,-1.0,-1.0,-1.0,-1.0,-1.0,-1.0,-1.0,-1.0,-1.0,-0.5,-1.0,-1.0,-1.0,-1.0,-1.0,-1.0,-1.0,-1.0,-1.0,-1.0,-1.0,0.0,0.0,-1.0,-1.0,-1.0,-1.0,-1.0,-1.0,-1.0,-1.0,-1.0,-1.0,-1.0,-1.0,-1.0,-1.0,-1.0,-1.0,0.709
0.2,-0.6675,-1.0,-1.0,-1.0,0.0,-1.0,0.0,1.0,-1.0,-1.0,-1.0,-1.0,-1.0,-1.0,-1.0,-1.0,-1.0,-1.0,-1.0,-1.0,-1.0,-1.0,-1.0,-1.0,-1.0,-1.0,-1.0,-1.0,-1.0,-0.5,0.0,0.1425,-1.0,-1.0,-1.0,-1.0,0.0,-1.0,-1.0,1.0,-0.2,0.0,0.0,-1.0,-1.0,0.0,1.0,0.3325,1.0,0.5,-0.5,-1.0,-1.0,-1.0,1.0,-1.0,0.0,1.0,-1.0,0.811
0.2,-0.6675,-1.0,-1.0,-1.0,0.0,-1.0,0.0,1.0,-1.0,-1.0,-1.0,-1.0,-1.0,-1.0,-1.0,-1.0,-1.0,-1.0,-1.0,-1.0,-1.0,-1.0,-1.0,-1.0,-1.0,-1.0,-1.0,-1.0,-1.0,0.0,-0.25,-0.4275,0.0,-0.3325,0.0,-1.0,0.0,-0.3325,-0.5,-0.5,-1.0,0.0,0.0,-1.0,-1.0,-1.0,-1.0,-1.0,-1.0,1.0,0.0,-1.0,-1.0,-1.0,-1.0,1.0,1.0,0.3325,0.3325,0.709
-0.2,0.6675,-0.6675,0.0,1.0,-1.0,-1.0,0.0,-1.0,1.0,-1.0,-1.0,-1.0,-1.0,-1.0,-1.0,-1.0,-1.0,-1.0,-1.0,-1.0,-1.0,-1.0,-1.0,-1.0,-1.0,-1.0,-1.0,-1.0,-1.0,-1.0,-1.0,-1.0,-1.0,-1.0,-1.0,-1.0,-1.0,-1.0,-1.0,-1.0,-1.0,0.0,0.0,-1.0,-1.0,-1.0,-1.0,-1.0,-1.0,-1.0,-1.0,-1.0,-1.0,-1.0,-1.0,-1.0,-1.0,-1.0,-1.0,0.463
-0.6,-1.0,-1.0,-1.0,-1.0,-1.0,-1.0,-1.0,-1.0,-1.0,-1.0,-1.0,-1.0,-1.0,-1.0,-1.0,-1.0,-1.0,-1.0,-1.0,-1.0,-1.0,-1.0,-1.0,-1.0,-1.0,-1.0,-1.0,-1.0,-1.0,0.0,0.0,-0.715,1.0,0.3325,0.0,-1.0,0.0,-0.3325,-0.5,1.0,-0.2,0.0,0.0,-1.0,-1.0,0.0,1.0,0.3325,1.0,-0.5,-1.0,-1.0,-1.0,-1.0,-1.0,-1.0,-1.0,-1.0,-1.0,0.796
-0.6,-1.0,-1.0,-1.0,-1.0,-1.0,-1.0,-1.0,-1.0,-1.0,-1.0,-1.0,-1.0,-1.0,-1.0,-1.0,-1.0,-1.0,-1.0,-1.0,-1.0,-1.0,-1.0,-1.0,-1.0,-1.0,-1.0,-1.0,-1.0,-1.0,0.0,0.5,-0.715,0.0,-0.3325,0.0,-1.0,0.0,-0.3325,1.0,-0.5,-1.0,0.0,0.0,-1.0,-1.0,-1.0,-1.0,-1.0,-1.0,1.0,0.0,-1.0,-1.0,-1.0,-1.0,1.0,1.0,0.3325,0.3325,0.631
0.2,-0.6675,-1.0,-1.0,-1.0,0.0,-1.0,0.0,1.0,-1.0,-1.0,-1.0,-1.0,-1.0,-1.0,-1.0,-1.0,-1.0,-1.0,-1.0,-1.0,-1.0,-1.0,-1.0,-1.0,-1.0,-1.0,-1.0,-1.0,-1.0,-0.5,0.0,0.1425,-1.0,-1.0,-1.0,-1.0,0.0,-1.0,-1.0,0.5,-0.6,0.0,0.0,-1.0,1.0,-1.0,0.0,1.0,-1.0,1.0,0.0,-1.0,-1.0,-1.0,-1.0,1.0,1.0,0.3325,0.3325,0.726
-1.0,-1.0,-1.0,-1.0,-1.0,-1.0,-1.0,-1.0,-1.0,-1.0,-1.0,-1.0,-1.0,-1.0,-1.0,-1.0,-1.0,-1.0,-1.0,-1.0,-1.0,-1.0,-1.0,-1.0,-1.0,-1.0,-1.0,-1.0,-1.0,-1.0,-1.0,-1.0,-1.0,-1.0,-1.0,-1.0,-1.0,-1.0,-1.0,-1.0,-1.0,-1.0,0.0,0.0,-1.0,-1.0,-1.0,-1.0,-1.0,-1.0,-1.0,-1.0,-1.0,-1.0,-1.0,-1.0,-1.0,-1.0,-1.0,-1.0,0.564
-0.6,-1.0,-1.0,-1.0,-1.0,-1.0,-1.0,-1.0,-1.0,-1.0,-1.0,-1.0,-1.0,-1.0,-1.0,-1.0,-1.0,-1.0,-1.0,-1.0,-1.0,-1.0,-1.0,-1.0,-1.0,-1.0,-1.0,-1.0,-1.0,-1.0,0.0,-0.25,-0.4275,0.0,-0.3325,0.0,-1.0,0.0,-0.3325,-0.5,1.0,-0.2,0.0,0.0,-1.0,-1.0,0.0,1.0,0.3325,1.0,-0.5,-1.0,-1.0,-1.0,-1.0,-1.0,-1.0,-1.0,-1.0,-1.0,0.734
-0.2,0.0,0.3325,-1.0,0.3325,0.0,-1.0,0.0,-0.3325,-1.0,-0.6,-1.0,-1.0,-1.0,-1.0,-1.0,-1.0,-1.0,-1.0,-1.0,1.0,0.3325,-1.0,-1.0,-1.0,-1.0,1.0,1.0,0.3325,1.0,-0.5,-1.0,-1.0,-1.0,-1.0,-1.0,-1.0,-1.0,-1.0,-1.0,-1.0,-1.0,0.0,0.0,-1.0,-1.0,-1.0,-1.0,-1.0,-1.0,-1.0,-1.0,-1.0,-1.0,-1.0,-1.0,-1.0,-1.0,-1.0,-1.0,0.78
0.2,-0.6675,-1.0,-1.0,-1.0,0.0,-1.0,0.0,1.0,-1.0,-1.0,-1.0,-1.0,-1.0,-1.0,-1.0,-1.0,-1.0,-1.0,-1.0,-1.0,-1.0,-1.0,-1.0,-1.0,-1.0,-1.0,-1.0,-1.0,-1.0,0.0,0.25,-0.715,-1.0,0.3325,0.0,-1.0,-1.0,-0.3325,0.0,-1.0,-1.0,0.0,0.0,-1.0,-1.0,-1.0,-1.0,-1.0,-1.0,-1.0,-1.0,-1.0,-1.0,-1.0,-1.0,-1.0,-1.0,-1.0,-1.0,0.678
-0.6,-1.0,-1.0,-1.0,-1.0,-1.0,-1.0,-1.0,-1.0,-1.0,-1.0,-1.0,-1.0,-1.0,-1.0,-1.0,-1.0,-1.0,-1.0,-1.0,-1.0,-1.0,-1.0,-1.0,-1.0,-1.0,-1.0,-1.0,-1.0,-1.0,0.0,0.0,-0.1425,0.0,-0.3325,0.0,-1.0,0.0,-0.3325,-0.5,1.0,-0.2,0.0,0.0,-1.0,-1.0,0.0,1.0,0.3325,1.0,-0.5,-1.0,-1.0,-1.0,-1.0,-1.0,-1.0,-1.0,-1.0,-1.0,0.772
-1.0,-1.0,-1.0,-1.0,-1.0,-1.0,-1.0,-1.0,-1.0,-1.0,-1.0,-1.0,-1.0,-1.0,-1.0,-1.0,-1.0,-1.0,-1.0,-1.0,-1.0,-1.0,-1.0,-1.0,-1.0,-1.0,-1.0,-1.0,-1.0,-1.0,-0.5,0.25,-0.4275,-1.0,-0.3325,-1.0,-1.0,0.0,-1.0,0.0,-1.0,-1.0,0.0,0.0,-1.0,-1.0,-1.0,-1.0,-1.0,-1.0,-1.0,-1.0,-1.0,-1.0,-1.0,-1.0,-1.0,-1.0,-1.0,-1.0,0.639
-0.6,-1.0,-1.0,-1.0,-1.0,-1.0,-1.0,-1.0,-1.0,-1.0,-1.0,-1.0,-1.0,-1.0,-1.0,-1.0,-1.0,-1.0,-1.0,-1.0,-1.0,-1.0,-1.0,-1.0,-1.0,-1.0,-1.0,-1.0,-1.0,-1.0,0.0,0.0,0.1425,-1.0,-0.3325,0.0,-1.0,0.0,-0.3325,-1.0,-0.5,-1.0,0.0,0.0,-1.0,-1.0,-1.0,-1.0,-1.0,-1.0,1.0,0.0,-1.0,-1.0,-1.0,-1.0,1.0,1.0,0.3325,0.3325,0.817
0.2,-0.6675,-1.0,-1.0,-1.0,0.0,-1.0,0.0,1.0,-1.0,-1.0,-1.0,-1.0,-1.0,-1.0,-1.0,-1.0,-1.0,-1.0,-1.0,-1.0,-1.0,-1.0,-1.0,-1.0,-1.0,-1.0,-1.0,-1.0,-1.0,0.0,-0.5,-0.4275,-1.0,-0.3325,-1.0,-1.0,0.0,-1.0,-1.0,1.0,-0.2,0.0,0.0,-1.0,-1.0,0.0,1.0,0.3325,1.0,-0.5,-1.0,-1.0,-1.0,-1.0,-1.0,-1.0,-1.0,-1.0,-1.0,0.73
-0.6,-1.0,-1.0,-1.0,-1.0,-1.0,-1.0,-1.0,-1.0,-1.0,-1.0,-1.0,-1.0,-1.0,-1.0,-1.0,-1.0,-1.0,-1.0,-1.0,-1.0,-1.0,-1.0,-1.0,-1.0,-1.0,-1.0,-1.0,-1.0,-1.0,0.0,-0.25,-0.4275,0.0,-0.3325,0.0,-1.0,0.0,-0.3325,-0.5,-0.5,-0.6,0.0,0.0,-1.0,-1.0,-1.0,0.0,-1.0,-1.0,1.0,0.0,-1.0,-1.0,-1.0,-1.0,1.0,1.0,0.3325,0.3325,0.792
0.2,-0.3325,-0.6675,0.0,-0.3325,-1.0,0.0,0.0,-1.0,0.0,0.2,1.0,-1.0,-1.0,1.0,-1.0,0.0,0.0,-1.0,1.0,-0.5,-1.0,-1.0,-1.0,-1.0,-1.0,-1.0,-1.0,-1.0,-1.0,-0.5,-1.0,-1.0,-1.0,-1.0,-1.0,-1.0,-1.0,-1.0,-1.0,-1.0,-1.0,0.0,0.0,-1.0,-1.0,-1.0,-1.0,-1.0,-1.0,-1.0,-1.0,-1.0,-1.0,-1.0,-1.0,-1.0,-1.0,-1.0,-1.0,0.74
-0.6,-1.0,-1.0,-1.0,-1.0,-1.0,-1.0,-1.0,-1.0,-1.0,-1.0,-1.0,-1.0,-1.0,-1.0,-1.0,-1.0,-1.0,-1.0,-1.0,-1.0,-1.0,-1.0,-1.0,-1.0,-1.0,-1.0,-1.0,-1.0,-1.0,0.0,1.0,-0.715,0.0,-0.3325,0.0,-1.0,0.0,-0.3325,0.5,-0.5,-1.0,0.0,0.0,-1.0,-1.0,-1.0,-1.0,-1.0,-1.0,1.0,0.0,-1.0,-1.0,-1.0,-1.0,1.0,1.0,0.3325,0.3325,0.415
0.2,-0.6675,-1.0,-1.0,-1.0,0.0,-1.0,0.0,1.0,-1.0,-1.0,-1.0,-1.0,-1.0,-1.0,-1.0,-1.0,-1.0,-1.0,-1.0,-1.0,-1.0,-1.0,-1.0,-1.0,-1.0,-1.0,-1.0,-1.0,-1.0,0.0,0.25,0.1425,0.0,0.3325,0.0,-1.0,0.0,-0.3325,-0.5,-0.5,-1.0,0.0,0.0,-1.0,-1.0,-1.0,-1.0,-1.0,-1.0,1.0,0.0,-1.0,-1.0,-1.0,-1.0,1.0,1.0,0.3325,0.3325,0.651
0.2,-0.6675,-1.0,-1.0,-1.0,0.0,-1.0,0.0,1.0,-1.0,-1.0,-1.0,-1.0,-1.0,-1.0,-1.0,-1.0,-1.0,-1.0,-1.0,-1.0,-1.0,-1.0,-1.0,-1.0,-1.0,-1.0,-1.0,-1.0,-1.0,0.0,0.5,0.4275,1.0,1.0,0.0,-1.0,0.0,-0.3325,-0.5,1.0,-0.2,0.0,0.0,-1.0,-1.0,0.0,1.0,0.3325,1.0,-0.5,-1.0,-1.0,-1.0,-1.0,-1.0,-1.0,-1.0,-1.0,-1.0,0.726
0.2,-0.6675,-1.0,-1.0,-1.0,0.0,-1.0,0.0,1.0,-1.0,-1.0,-1.0,-1.0,-1.0,-1.0,-1.0,-1.0,-1.0,-1.0,-1.0,-1.0,-1.0,-1.0,-1.0,-1.0,-1.0,-1.0,-1.0,-1.0,-1.0,0.0,0.25,-0.4275,-1.0,0.3325,0.0,-1.0,-1.0,-0.3325,0.0,-1.0,-1.0,0.0,0.0,-1.0,-1.0,-1.0,-1.0,-1.0,-1.0,-1.0,-1.0,-1.0,-1.0,-1.0,-1.0,-1.0,-1.0,-1.0,-1.0,0.713
-0.6,0.3325,0.3325,-1.0,-1.0,-1.0,-1.0,0.0,-1.0,-1.0,0.2,-0.3325,-1.0,-1.0,-1.0,1.0,-1.0,0.0,1.0,-1.0,1.0,0.3325,-1.0,-1.0,-1.0,-1.0,1.0,1.0,0.3325,1.0,-0.5,-1.0,-1.0,-1.0,-1.0,-1.0,-1.0,-1.0,-1.0,-1.0,-1.0,-1.0,0.0,0.0,-1.0,-1.0,-1.0,-1.0,-1.0,-1.0,-1.0,-1.0,-1.0,-1.0,-1.0,-1.0,-1.0,-1.0,-1.0,-1.0,0.726
-0.2,0.6675,1.0,-1.0,0.3325,0.0,-1.0,0.0,-0.3325,-1.0,-0.6,-1.0,-1.0,-1.0,-1.0,-1.0,-1.0,-1.0,-1.0,-1.0,1.0,0.3325,-1.0,-1.0,-1.0,-1.0,1.0,1.0,0.3325,1.0,0.5,-0.75,-1.0,-1.0,-1.0,0.0,-1.0,0.0,1.0,-1.0,-1.0,-1.0,0.0,0.0,-1.0,-1.0,-1.0,-1.0,-1.0,-1.0,-1.0,-1.0,-1.0,-1.0,-1.0,-1.0,-1.0,-1.0,-1.0,-1.0,0.523
-0.6,-1.0,-1.0,-1.0,-1.0,-1.0,-1.0,-1.0,-1.0,-1.0,-0.6,-1.0,-1.0,-1.0,-1.0,-1.0,-1.0,-1.0,-1.0,-1.0,-0.5,-1.0,-1.0,-1.0,-1.0,-1.0,-1.0,-1.0,-1.0,-1.0,-0.5,-1.0,-1.0,-1.0,-1.0,-1.0,-1.0,-1.0,-1.0,-1.0,-1.0,-1.0,0.0,0.0,-1.0,-1.0,-1.0,-1.0,-1.0,-1.0,-1.0,-1.0,-1.0,-1.0,-1.0,-1.0,-1.0,-1.0,-1.0,-1.0,0.55
0.2,-0.6675,-1.0,-1.0,-1.0,0.0,-1.0,0.0,1.0,-1.0,-1.0,-1.0,-1.0,-1.0,-1.0,-1.0,-1.0,-1.0,-1.0,-1.0,-1.0,-1.0,-1.0,-1.0,-1.0,-1.0,-1.0,-1.0,-1.0,-1.0,0.0,0.0,-0.715,1.0,0.3325,0.0,-1.0,0.0,-0.3325,-0.5,-0.5,-1.0,0.0,0.0,-1.0,-1.0,-1.0,-1.0,-1.0,-1.0,1.0,0.0,-1.0,-1.0,-1.0,-1.0,1.0,1.0,0.3325,0.3325,0.772
-0.6,-1.0,-1.0,-1.0,-1.0,-1.0,-1.0,-1.0,-1.0,-1.0,-1.0,-1.0,-1.0,-1.0,-1.0,-1.0,-1.0,-1.0,-1.0,-1.0,-1.0,-1.0,-1.0,-1.0,-1.0,-1.0,-1.0,-1.0,-1.0,-1.0,0.0,-0.25,-0.4275,0.0,-0.3325,0.0,-1.0,0.0,-0.3325,0.0,-0.5,-1.0,0.0,0.0,-1.0,-1.0,-1.0,-1.0,-1.0,-1.0,1.0,0.0,-1.0,-1.0,-1.0,-1.0,1.0,1.0,0.3325,0.3325,0.641
-1.0,-1.0,-1.0,-1.0,-1.0,-1.0,-1.0,-1.0,-1.0,-1.0,-1.0,-1.0,-1.0,-1.0,-1.0,-1.0,-1.0,-1.0,-1.0,-1.0,-1.0,-1.0,-1.0,-1.0,-1.0,-1.0,-1.0,-1.0,-1.0,-1.0,0.0,0.25,-0.4275,-1.0,1.0,0.0,-1.0,-1.0,-0.3325,0.0,-1.0,-1.0,0.0,0.0,-1.0,-1.0,-1.0,-1.0,-1.0,-1.0,-1.0,-1.0,-1.0,-1.0,-1.0,-1.0,-1.0,-1.0,-1.0,-1.0,0.641
-0.6,-1.0,-1.0,-1.0,-1.0,-1.0,-1.0,-1.0,-1.0,-1.0,-1.0,-1.0,-1.0,-1.0,-1.0,-1.0,-1.0,-1.0,-1.0,-1.0,-1.0,-1.0,-1.0,-1.0,-1.0,-1.0,-1.0,-1.0,-1.0,-1.0,0.0,-0.5,-1.0,0.0,-0.3325,1.0,-1.0,0.0,-0.3325,0.0,1.0,-0.2,0.0,0.0,-1.0,-1.0,0.0,1.0,0.3325,1.0,-0.5,-1.0,-1.0,-1.0,-1.0,-1.0,-1.0,-1.0,-1.0,-1.0,0.1
0.2,-0.6675,-1.0,-1.0,-1.0,0.0,-1.0,0.0,1.0,-1.0,-1.0,-1.0,-1.0,-1.0,-1.0,-1.0,-1.0,-1.0,-1.0,-1.0,-1.0,-1.0,-1.0,-1.0,-1.0,-1.0,-1.0,-1.0,-1.0,-1.0,0.0,-0.5,-0.4275,-1.0,-0.3325,-1.0,-1.0,0.0,-1.0,-1.0,1.0,-0.6,0.0,0.0,0.0,-1.0,1.0,1.0,-1.0,-1.0,-0.5,-1.0,-1.0,-1.0,-1.0,-1.0,-1.0,-1.0,-1.0,-1.0,0.687
-0.2,0.3325,0.6675,-1.0,0.3325,0.0,-1.0,0.0,-0.3325,-1.0,-0.6,-1.0,-1.0,-1.0,-1.0,-1.0,-1.0,-1.0,-1.0,-1.0,1.0,0.3325,-1.0,-1.0,-1.0,-1.0,1.0,1.0,0.3325,1.0,0.5,-0.75,-1.0,-1.0,-1.0,0.0,-1.0,0.0,1.0,-1.0,-1.0,-1.0,0.0,0.0,-1.0,-1.0,-1.0,-1.0,-1.0,-1.0,-1.0,-1.0,-1.0,-1.0,-1.0,-1.0,-1.0,-1.0,-1.0,-1.0,0.616
-1.0,-1.0,-1.0,-1.0,-1.0,-1.0,-1.0,-1.0,-1.0,-1.0,-1.0,-1.0,-1.0,-1.0,-1.0,-1.0,-1.0,-1.0,-1.0,-1.0,-1.0,-1.0,-1.0,-1.0,-1.0,-1.0,-1.0,-1.0,-1.0,-1.0,0.0,0.25,-0.715,-1.0,0.3325,0.0,-1.0,-1.0,-0.3325,0.0,-1.0,-1.0,0.0,0.0,-1.0,-1.0,-1.0,-1.0,-1.0,-1.0,-1.0,-1.0,-1.0,-1.0,-1.0,-1.0,-1.0,-1.0,-1.0,-1.0,0.51
-0.6,-1.0,-1.0,-1.0,-1.0,-1.0,-1.0,-1.0,-1.0,-1.0,-1.0,-1.0,-1.0,-1.0,-1.0,-1.0,-1.0,-1.0,-1.0,-1.0,-1.0,-1.0,-1.0,-1.0,-1.0,-1.0,-1.0,-1.0,-1.0,-1.0,-0.5,0.0,0.1425,-1.0,-1.0,-1.0,-1.0,0.0,-1.0,-1.0,-0.5,-1.0,0.0,0.0,-1.0,-1.0,-1.0,-1.0,-1.0,-1.0,-0.5,-1.0,-1.0,-1.0,-1.0,-1.0,-1.0,-1.0,-1.0,-1.0,0.788
0.2,-0.6675,-1.0,-1.0,-1.0,0.0,-1.0,0.0,1.0,-1.0,-1.0,-1.0,-1.0,-1.0,-1.0,-1.0,-1.0,-1.0,-1.0,-1.0,-1.0,-1.0,-1.0,-1.0,-1.0,-1.0,-1.0,-1.0,-1.0,-1.0,0.0,-0.5,-0.4275,-1.0,-0.3325,-1.0,-1.0,0.0,-1.0,-1.0,0.5,-0.6,0.0,0.0,-1.0,1.0,-1.0,0.0,1.0,-1.0,1.0,0.0,-1.0,-1.0,-1.0,-1.0,1.0,1.0,0.3325,0.3325,0.67
-0.2,0.0,-0.3325,0.0,-0.3325,0.0,-1.0,0.0,-0.3325,0.0,-0.6,-1.0,-1.0,-1.0,-1.0,-1.0,-1.0,-1.0,-1.0,-1.0,1.0,0.3325,-1.0,-1.0,-1.0,-1.0,1.0,1.0,0.3325,1.0,-0.5,-1.0,-1.0,-1.0,-1.0,-1.0,-1.0,-1.0,-1.0,-1.0,-1.0,-1.0,0.0,0.0,-1.0,-1.0,-1.0,-1.0,-1.0,-1.0,-1.0,-1.0,-1.0,-1.0,-1.0,-1.0,-1.0,-1.0,-1.0,-1.0,0.62
0.2,-0.6675,-1.0,-1.0,-1.0,0.0,-1.0,0.0,1.0,-1.0,-1.0,-1.0,-1.0,-1.0,-1.0,-1.0,-1.0,-1.0,-1.0,-1.0,-1.0,-1.0,-1.0,-1.0,-1.0,-1.0,-1.0,-1.0,-1.0,-1.0,0.0,-0.5,-0.4275,-1.0,-0.3325,-1.0,-1.0,0.0,-1.0,-1.0,1.0,-0.2,0.0,0.0,-1.0,-1.0,0.0,1.0,0.3325,1.0,0.5,-0.5,-1.0,-1.0,-1.0,1.0,-1.0,0.0,1.0,-1.0,0.788
-0.6,-1.0,-1.0,-1.0,-1.0,-1.0,-1.0,-1.0,-1.0,-1.0,-1.0,-1.0,-1.0,-1.0,-1.0,-1.0,-1.0,-1.0,-1.0,-1.0,-1.0,-1.0,-1.0,-1.0,-1.0,-1.0,-1.0,-1.0,-1.0,-1.0,0.0,0.0,-0.4275,-1.0,-0.3325,1.0,-1.0,0.0,-0.3325,0.0,-0.5,-1.0,0.0,0.0,-1.0,-1.0,-1.0,-1.0,-1.0,-1.0,1.0,0.0,-1.0,-1.0,-1.0,-1.0,1.0,1.0,0.3325,0.3325,0.796
-0.6,-1.0,-1.0,-1.0,-1.0,-1.0,-1.0,-1.0,-1.0,-1.0,-1.0,-1.0,-1.0,-1.0,-1.0,-1.0,-1.0,-1.0,-1.0,-1.0,-1.0,-1.0,-1.0,-1.0,-1.0,-1.0,-1.0,-1.0,-1.0,-1.0,0.5,-0.25,-0.4275,0.0,-0.3325,-1.0,0.0,0.0,-1.0,-0.5,-0.5,-1.0,0.0,0.0,-1.0,-1.0,-1.0,-1.0,-1.0,-1.0,1.0,0.0,-1.0,-1.0,-1.0,-1.0,1.0,1.0,0.3325,0.3325,0.811
0.2,-0.6675,-1.0,-1.0,-1.0,0.0,-1.0,0.0,1.0,-1.0,-1.0,-1.0,-1.0,-1.0,-1.0,-1.0,-1.0,-1.0,-1.0,-1.0,-1.0,-1.0,-1.0,-1.0,-1.0,-1.0,-1.0,-1.0,-1.0,-1.0,0.0,-0.25,-0.4275,0.0,-0.3325,0.0,-1.0,1.0,-0.3325,-0.5,-0.5,-1.0,0.0,0.0,-1.0,-1.0,-1.0,-1.0,-1.0,-1.0,1.0,0.0,-1.0,-1.0,-1.0,-1.0,1.0,1.0,0.3325,0.3325,0.668
0.2,-0.6675,-1.0,-1.0,-1.0,0.0,-1.0,0.0,1.0,-1.0,-1.0,-1.0,-1.0,-1.0,-1.0,-1.0,-1.0,-1.0,-1.0,-1.0,-1.0,-1.0,-1.0,-1.0,-1.0,-1.0,-1.0,-1.0,-1.0,-1.0,-0.5,0.0,0.1425,-1.0,-1.0,-1.0,-1.0,0.0,-1.0,-1.0,1.0,-0.2,0.0,0.0,-1.0,-1.0,0.0,1.0,0.3325,1.0,-0.5,-1.0,-1.0,-1.0,-1.0,-1.0,-1.0,-1.0,-1.0,-1.0,0.794
0.2,-0.6675,-1.0,-1.0,-1.0,0.0,-1.0,0.0,1.0,-1.0,-1.0,-1.0,-1.0,-1.0,-1.0,-1.0,-1.0,-1.0,-1.0,-1.0,-1.0,-1.0,-1.0,-1.0,-1.0,-1.0,-1.0,-1.0,-1.0,-1.0,0.0,0.5,0.1425,1.0,1.0,0.0,-1.0,0.0,-0.3325,-0.5,1.0,-0.2,0.0,0.0,-1.0,-1.0,0.0,1.0,0.3325,1.0,-0.5,-1.0,-1.0,-1.0,-1.0,-1.0,-1.0,-1.0,-1.0,-1.0,0.639
-0.6,-1.0,-1.0,-1.0,-1.0,-1.0,-1.0,-1.0,-1.0,-1.0,-1.0,-1.0,-1.0,-1.0,-1.0,-1.0,-1.0,-1.0,-1.0,-1.0,-1.0,-1.0,-1.0,-1.0,-1.0,-1.0,-1.0,-1.0,-1.0,-1.0,0.0,-0.25,-0.4275,0.0,-0.3325,0.0,-1.0,0.0,-0.3325,-0.5,1.0,-0.2,0.0,0.0,-1.0,-1.0,0.0,1.0,0.3325,1.0,0.0,0.0,-1.0,-1.0,1.0,1.0,-1.0,0.0,-0.3325,-1.0,0.838
-0.6,-1.0,-1.0,-1.0,-1.0,-1.0,-1.0,-1.0,-1.0,-1.0,-1.0,-1.0,-1.0,-1.0,-1.0,-1.0,-1.0,-1.0,-1.0,-1.0,-1.0,-1.0,-1.0,-1.0,-1.0,-1.0,-1.0,-1.0,-1.0,-1.0,-0.5,0.5,0.715,-1.0,-0.3325,-1.0,-1.0,0.0,-1.0,-1.0,-0.5,-1.0,0.0,0.0,-1.0,-1.0,-1.0,-1.0,-1.0,-1.0,-0.5,-1.0,-1.0,-1.0,-1.0,-1.0,-1.0,-1.0,-1.0,-1.0,0.481
-0.6,-1.0,-1.0,-1.0,-1.0,-1.0,-1.0,-1.0,-1.0,-1.0,-1.0,-1.0,-1.0,-1.0,-1.0,-1.0,-1.0,-1.0,-1.0,-1.0,-1.0,-1.0,-1.0,-1.0,-1.0,-1.0,-1.0,-1.0,-1.0,-1.0,0.0,0.0,0.1425,-1.0,-0.3325,0.0,-1.0,0.0,-0.3325,-1.0,-0.5,-1.0,0.0,0.0,-1.0,-1.0,-1.0,-1.0,-1.0,-1.0,-0.5,-1.0,-1.0,-1.0,-1.0,-1.0,-1.0,-1.0,-1.0,-1.0,0.838
-0.6,-1.0,-1.0,-1.0,-1.0,-1.0,-1.0,-1.0,-1.0,-1.0,-1.0,-1.0,-1.0,-1.0,-1.0,-1.0,-1.0,-1.0,-1.0,-1.0,-1.0,-1.0,-1.0,-1.0,-1.0,-1.0,-1.0,-1.0,-1.0,-1.0,0.0,-0.25,-0.4275,0.0,0.3325,0.0,-1.0,0.0,-0.3325,-0.5,-0.5,-1.0,0.0,0.0,-1.0,-1.0,-1.0,-1.0,-1.0,-1.0,1.0,0.0,-1.0,-1.0,-1.0,-1.0,1.0,1.0,0.3325,0.3325,0.73
-0.6,-1.0,-1.0,-1.0,-1.0,-1.0,-1.0,-1.0,-1.0,-1.0,-1.0,-1.0,-1.0,-1.0,-1.0,-1.0,-1.0,-1.0,-1.0,-1.0,-1.0,-1.0,-1.0,-1.0,-1.0,-1.0,-1.0,-1.0,-1.0,-1.0,0.0,0.5,-0.4275,0.0,-0.3325,0.0,-1.0,0.0,-0.3325,0.5,-0.5,-1.0,0.0,0.0,-1.0,-1.0,-1.0,-1.0,-1.0,-1.0,1.0,0.0,-1.0,-1.0,-1.0,-1.0,1.0,1.0,0.3325,0.3325,0.608
-0.6,-1.0,-1.0,-1.0,-1.0,-1.0,-1.0,-1.0,-1.0,-1.0,-1.0,-1.0,-1.0,-1.0,-1.0,-1.0,-1.0,-1.0,-1.0,-1.0,-1.0,-1.0,-1.0,-1.0,-1.0,-1.0,-1.0,-1.0,-1.0,-1.0,0.0,0.5,-0.715,0.0,-0.3325,0.0,-1.0,0.0,-0.3325,1.0,-0.5,-1.0,0.0,0.0,-1.0,-1.0,-1.0,-1.0,-1.0,-1.0,1.0,0.0,-1.0,-1.0,-1.0,-1.0,1.0,1.0,0.3325,0.3325,0.616
0.2,-0.6675,-1.0,-1.0,-1.0,0.0,-1.0,0.0,1.0,-1.0,-1.0,-1.0,-1.0,-1.0,-1.0,-1.0,-1.0,-1.0,-1.0,-1.0,-1.0,-1.0,-1.0,-1.0,-1.0,-1.0,-1.0,-1.0,-1.0,-1.0,-0.5,0.0,0.1425,-1.0,-1.0,-1.0,-1.0,0.0,-1.0,-1.0,-0.5,-1.0,0.0,0.0,-1.0,-1.0,-1.0,-1.0,-1.0,-1.0,1.0,0.0,-1.0,-1.0,-1.0,-1.0,1.0,1.0,0.3325,0.3325,0.817
-0.6,-1.0,-1.0,-1.0,-1.0,-1.0,-1.0,-1.0,-1.0,-1.0,-1.0,-1.0,-1.0,-1.0,-1.0,-1.0,-1.0,-1.0,-1.0,-1.0,-1.0,-1.0,-1.0,-1.0,-1.0,-1.0,-1.0,-1.0,-1.0,-1.0,0.0,0.5,-0.715,0.0,-0.3325,0.0,-1.0,0.0,-0.3325,1.0,-0.5,-1.0,0.0,0.0,-1.0,-1.0,-1.0,-1.0,-1.0,-1.0,1.0,0.0,-1.0,-1.0,-1.0,-1.0,1.0,1.0,0.3325,0.3325,0.631
-0.2,0.6675,-0.3325,-1.0,1.0,0.0,-1.0,-1.0,-0.3325,1.0,-1.0,-1.0,-1.0,-1.0,-1.0,-1.0,-1.0,-1.0,-1.0,-1.0,-1.0,-1.0,-1.0,-1.0,-1.0,-1.0,-1.0,-1.0,-1.0,-1.0,-1.0,-1.0,-1.0,-1.0,-1.0,-1.0,-1.0,-1.0,-1.0,-1.0,-1.0,-1.0,0.0,0.0,-1.0,-1.0,-1.0,-1.0,-1.0,-1.0,-1.0,-1.0,-1.0,-1.0,-1.0,-1.0,-1.0,-1.0,-1.0,-1.0,0.135
-0.2,0.3325,-0.6675,1.0,0.3325,0.0,-1.0,0.0,-0.3325,0.0,-0.6,-1.0,-1.0,-1.0,-1.0,-1.0,-1.0,-1.0,-1.0,-1.0,-0.5,-1.0,-1.0,-1.0,-1.0,-1.0,-1.0,-1.0,-1.0,-1.0,-0.5,-1.0,-1.0,-1.0,-1.0,-1.0,-1.0,-1.0,-1.0,-1.0,-1.0,-1.0,0.0,0.0,-1.0,-1.0,-1.0,-1.0,-1.0,-1.0,-1.0,-1.0,-1.0,-1.0,-1.0,-1.0,-1.0,-1.0,-1.0,-1.0,0.689
-1.0,-1.0,-1.0,-1.0,-1.0,-1.0,-1.0,-1.0,-1.0,-1.0,-1.0,-1.0,-1.0,-1.0,-1.0,-1.0,-1.0,-1.0,-1.0,-1.0,-1.0,-1.0,-1.0,-1.0,-1.0,-1.0,-1.0,-1.0,-1.0,-1.0,0.0,0.0,-0.715,-1.0,0.3325,0.0,-1.0,-1.0,-0.3325,-0.5,-1.0,-1.0,0.0,0.0,-1.0,-1.0,-1.0,-1.0,-1.0,-1.0,-1.0,-1.0,-1.0,-1.0,-1.0,-1.0,-1.0,-1.0,-1.0,-1.0,0.427
-0.6,-1.0,-1.0,-1.0,-1.0,-1.0,-1.0,-1.0,-1.0,-1.0,-1.0,-1.0,-1.0,-1.0,-1.0,-1.0,-1.0,-1.0,-1.0,-1.0,-1.0,-1.0,-1.0,-1.0,-1.0,-1.0,-1.0,-1.0,-1.0,-1.0,0.0,-0.25,-0.4275,0.0,-0.3325,0.0,-1.0,0.0,-0.3325,-0.5,-0.5,-0.6,0.0,0.0,-1.0,-1.0,-1.0,0.0,-1.0,-1.0,1.0,0.0,-1.0,-1.0,-1.0,-1.0,1.0,1.0,0.3325,0.3325,0.765
0.2,-0.6675,-1.0,-1.0,-1.0,0.0,-1.0,0.0,1.0,-1.0,-1.0,-1.0,-1.0,-1.0,-1.0,-1.0,-1.0,-1.0,-1.0,-1.0,-1.0,-1.0,-1.0,-1.0,-1.0,-1.0,-1.0,-1.0,-1.0,-1.0,0.0,0.25,-0.4275,-1.0,1.0,0.0,-1.0,-1.0,-0.3325,0.0,-1.0,-1.0,0.0,0.0,-1.0,-1.0,-1.0,-1.0,-1.0,-1.0,-1.0,-1.0,-1.0,-1.0,-1.0,-1.0,-1.0,-1.0,-1.0,-1.0,0.757
-0.2,0.3325,-0.6675,-1.0,0.3325,0.0,-1.0,-1.0,-0.3325,0.0,-1.0,-1.0,-1.0,-1.0,-1.0,-1.0,-1.0,-1.0,-1.0,-1.0,-1.0,-1.0,-1.0,-1.0,-1.0,-1.0,-1.0,-1.0,-1.0,-1.0,-1.0,-1.0,-1.0,-1.0,-1.0,-1.0,-1.0,-1.0,-1.0,-1.0,-1.0,-1.0,0.0,0.0,-1.0,-1.0,-1.0,-1.0,-1.0,-1.0,-1.0,-1.0,-1.0,-1.0,-1.0,-1.0,-1.0,-1.0,-1.0,-1.0,0.258
-0.6,-1.0,-1.0,-1.0,-1.0,-1.0,-1.0,-1.0,-1.0,-1.0,-1.0,-1.0,-1.0,-1.0,-1.0,-1.0,-1.0,-1.0,-1.0,-1.0,-1.0,-1.0,-1.0,-1.0,-1.0,-1.0,-1.0,-1.0,-1.0,-1.0,0.0,-0.25,-0.715,-1.0,-0.3325,1.0,-1.0,0.0,-0.3325,0.0,-0.5,-1.0,0.0,0.0,-1.0,-1.0,-1.0,-1.0,-1.0,-1.0,-0.5,-1.0,-1.0,-1.0,-1.0,-1.0,-1.0,-1.0,-1.0,-1.0,0.581
-0.2,-0.3325,-1.0,0.0,-0.3325,1.0,-1.0,0.0,-0.3325,1.0,-0.6,-1.0,-1.0,-1.0,-1.0,-1.0,-1.0,-1.0,-1.0,-1.0,1.0,0.3325,-1.0,-1.0,-1.0,-1.0,1.0,1.0,0.3325,1.0,-0.5,-1.0,-1.0,-1.0,-1.0,-1.0,-1.0,-1.0,-1.0,-1.0,-1.0,-1.0,0.0,0.0,-1.0,-1.0,-1.0,-1.0,-1.0,-1.0,-1.0,-1.0,-1.0,-1.0,-1.0,-1.0,-1.0,-1.0,-1.0,-1.0,0.365
-0.6,-1.0,-1.0,-1.0,-1.0,-1.0,-1.0,-1.0,-1.0,-1.0,-1.0,-1.0,-1.0,-1.0,-1.0,-1.0,-1.0,-1.0,-1.0,-1.0,-1.0,-1.0,-1.0,-1.0,-1.0,-1.0,-1.0,-1.0,-1.0,-1.0,0.0,-0.25,-1.0,0.0,-0.3325,0.0,-1.0,0.0,-0.3325,-0.5,1.0,-0.2,0.0,0.0,-1.0,-1.0,0.0,1.0,0.3325,1.0,-0.5,-1.0,-1.0,-1.0,-1.0,-1.0,-1.0,-1.0,-1.0,-1.0,0.351
-0.6,0.3325,0.3325,-1.0,-1.0,-1.0,-1.0,0.0,-1.0,-1.0,0.6,0.3325,-1.0,-1.0,-1.0,-1.0,0.0,1.0,0.3325,1.0,-0.5,-1.0,-1.0,-1.0,-1.0,-1.0,-1.0,-1.0,-1.0,-1.0,-0.5,-1.0,-1.0,-1.0,-1.0,-1.0,-1.0,-1.0,-1.0,-1.0,-1.0,-1.0,0.0,0.0,-1.0,-1.0,-1.0,-1.0,-1.0,-1.0,-1.0,-1.0,-1.0,-1.0,-1.0,-1.0,-1.0,-1.0,-1.0,-1.0,0.809
-0.6,-1.0,-1.0,-1.0,-1.0,-1.0,-1.0,-1.0,-1.0,-1.0,-1.0,-1.0,-1.0,-1.0,-1.0,-1.0,-1.0,-1.0,-1.0,-1.0,-1.0,-1.0,-1.0,-1.0,-1.0,-1.0,-1.0,-1.0,-1.0,-1.0,0.0,0.25,-0.1425,-1.0,-0.3325,-1.0,-1.0,0.0,-1.0,0.0,-0.5,-1.0,0.0,0.0,-1.0,-1.0,-1.0,-1.0,-1.0,-1.0,-0.5,-1.0,-1.0,-1.0,-1.0,-1.0,-1.0,-1.0,-1.0,-1.0,0.643
-0.2,0.3325,-0.6675,1.0,0.3325,0.0,-1.0,0.0,-0.3325,0.0,1.0,0.3325,-1.0,-1.0,-1.0,-1.0,1.0,-1.0,1.0,0.0,-0.5,-1.0,-1.0,-1.0,-1.0,-1.0,-1.0,-1.0,-1.0,-1.0,-0.5,-1.0,-1.0,-1.0,-1.0,-1.0,-1.0,-1.0,-1.0,-1.0,-1.0,-1.0,0.0,0.0,-1.0,-1.0,-1.0,-1.0,-1.0,-1.0,-1.0,-1.0,-1.0,-1.0,-1.0,-1.0,-1.0,-1.0,-1.0,-1.0,0.809
-0.6,0.6675,0.6675,-1.0,-0.3325,-1.0,-1.0,0.0,-1.0,0.0,-1.0,-1.0,-1.0,-1.0,-1.0,-1.0,-1.0,-1.0,-1.0,-1.0,-1.0,-1.0,-1.0,-1.0,-1.0,-1.0,-1.0,-1.0,-1.0,-1.0,-1.0,-1.0,-1.0,-1.0,-1.0,-1.0,-1.0,-1.0,-1.0,-1.0,-1.0,-1.0,0.0,0.0,-1.0,-1.0,-1.0,-1.0,-1.0,-1.0,-1.0,-1.0,-1.0,-1.0,-1.0,-1.0,-1.0,-1.0,-1.0,-1.0,0.602
-0.6,-1.0,-1.0,-1.0,-1.0,-1.0,-1.0,-1.0,-1.0,-1.0,-1.0,-1.0,-1.0,-1.0,-1.0,-1.0,-1.0,-1.0,-1.0,-1.0,-1.0,-1.0,-1.0,-1.0,-1.0,-1.0,-1.0,-1.0,-1.0,-1.0,0.0,0.5,-0.4275,0.0,-0.3325,0.0,-1.0,0.0,-0.3325,0.5,-0.5,-1.0,0.0,0.0,-1.0,-1.0,-1.0,-1.0,-1.0,-1.0,1.0,0.0,-1.0,-1.0,-1.0,-1.0,1.0,1.0,0.3325,0.3325,0.32
0.2,-0.6675,-1.0,-1.0,-1.0,-1.0,0.0,-1.0,1.0,0.0,-1.0,-1.0,-1.0,-1.0,-1.0,-1.0,-1.0,-1.0,-1.0,-1.0,-1.0,-1.0,-1.0,-1.0,-1.0,-1.0,-1.0,-1.0,-1.0,-1.0,-1.0,-1.0,-1.0,-1.0,-1.0,-1.0,-1.0,-1.0,-1.0,-1.0,-1.0,-1.0,0.0,0.0,-1.0,-1.0,-1.0,-1.0,-1.0,-1.0,-1.0,-1.0,-1.0,-1.0,-1.0,-1.0,-1.0,-1.0,-1.0,-1.0,0.738
-0.6,-1.0,-1.0,-1.0,-1.0,-1.0,-1.0,-1.0,-1.0,-1.0,-1.0,-1.0,-1.0,-1.0,-1.0,-1.0,-1.0,-1.0,-1.0,-1.0,-1.0,-1.0,-1.0,-1.0,-1.0,-1.0,-1.0,-1.0,-1.0,-1.0,0.0,0.0,-0.4275,0.0,-0.3325,0.0,-1.0,0.0,-0.3325,0.0,-0.5,-1.0,0.0,0.0,-1.0,-1.0,-1.0,-1.0,-1.0,-1.0,1.0,0.0,-1.0,-1.0,-1.0,-1.0,1.0,1.0,0.3325,0.3325,0.695
0.2,-0.6675,-1.0,-1.0,-1.0,0.0,-1.0,0.0,1.0,-1.0,-1.0,-1.0,-1.0,-1.0,-1.0,-1.0,-1.0,-1.0,-1.0,-1.0,-1.0,-1.0,-1.0,-1.0,-1.0,-1.0,-1.0,-1.0,-1.0,-1.0,0.0,0.0,-0.1425,0.0,-0.3325,0.0,-1.0,0.0,-0.3325,-0.5,-0.5,-1.0,0.0,0.0,-1.0,-1.0,-1.0,-1.0,-1.0,-1.0,1.0,0.0,-1.0,-1.0,-1.0,-1.0,1.0,1.0,0.3325,0.3325,0.662
-0.6,-1.0,-1.0,-1.0,-1.0,-1.0,-1.0,-1.0,-1.0,-1.0,-1.0,-1.0,-1.0,-1.0,-1.0,-1.0,-1.0,-1.0,-1.0,-1.0,-1.0,-1.0,-1.0,-1.0,-1.0,-1.0,-1.0,-1.0,-1.0,-1.0,0.0,-0.25,-0.715,0.0,-0.3325,0.0,-1.0,0.0,-0.3325,-0.5,-0.5,-1.0,0.0,0.0,-1.0,-1.0,-1.0,-1.0,-1.0,-1.0,1.0,0.0,-1.0,-1.0,-1.0,-1.0,1.0,1.0,0.3325,0.3325,0.726
0.2,-0.6675,-1.0,-1.0,-1.0,0.0,-1.0,0.0,1.0,-1.0,-1.0,-1.0,-1.0,-1.0,-1.0,-1.0,-1.0,-1.0,-1.0,-1.0,-1.0,-1.0,-1.0,-1.0,-1.0,-1.0,-1.0,-1.0,-1.0,-1.0,0.0,-0.5,-0.4275,-1.0,-0.3325,-1.0,-1.0,0.0,-1.0,-1.0,-0.5,-1.0,0.0,0.0,-1.0,-1.0,-1.0,-1.0,-1.0,-1.0,-0.5,-1.0,-1.0,-1.0,-1.0,-1.0,-1.0,-1.0,-1.0,-1.0,0.689
-0.6,-1.0,-1.0,-1.0,-1.0,-1.0,-1.0,-1.0,-1.0,-1.0,-1.0,-1.0,-1.0,-1.0,-1.0,-1.0,-1.0,-1.0,-1.0,-1.0,-1.0,-1.0,-1.0,-1.0,-1.0,-1.0,-1.0,-1.0,-1.0,-1.0,0.0,0.75,-0.715,0.0,0.3325,0.0,-1.0,0.0,-0.3325,1.0,-0.5,-1.0,0.0,0.0,-1.0,-1.0,-1.0,-1.0,-1.0,-1.0,1.0,0.0,-1.0,-1.0,-1.0,-1.0,1.0,1.0,0.3325,0.3325,0.469
0.2,-0.6675,-1.0,-1.0,-1.0,0.0,-1.0,0.0,1.0,-1.0,-1.0,-1.0,-1.0,-1.0,-1.0,-1.0,-1.0,-1.0,-1.0,-1.0,-1.0,-1.0,-1.0,-1.0,-1.0,-1.0,-1.0,-1.0,-1.0,-1.0,0.0,-0.25,0.1425,-1.0,0.3325,0.0,-1.0,0.0,-0.3325,-1.0,-0.5,-1.0,0.0,0.0,-1.0,-1.0,-1.0,-1.0,-1.0,-1.0,1.0,0.0,-1.0,-1.0,-1.0,-1.0,1.0,1.0,0.3325,0.3325,0.595
0.2,-0.6675,-1.0,-1.0,-1.0,0.0,-1.0,0.0,1.0,-1.0,-1.0,-1.0,-1.0,-1.0,-1.0,-1.0,-1.0,-1.0,-1.0,-1.0,-1.0,-1.0,-1.0,-1.0,-1.0,-1.0,-1.0,-1.0,-1.0,-1.0,0.0,0.25,0.1425,0.0,0.3325,0.0,-1.0,0.0,-0.3325,-0.5,1.0,-0.2,0.0,0.0,-1.0,-1.0,0.0,1.0,0.3325,1.0,-0.5,-1.0,-1.0,-1.0,-1.0,-1.0,-1.0,-1.0,-1.0,-1.0,0.616
0.2,-0.6675,-1.0,-1.0,-1.0,0.0,-1.0,0.0,1.0,-1.0,-1.0,-1.0,-1.0,-1.0,-1.0,-1.0,-1.0,-1.0,-1.0,-1.0,-1.0,-1.0,-1.0,-1.0,-1.0,-1.0,-1.0,-1.0,-1.0,-1.0,0.0,-0.5,-0.4275,-1.0,-0.3325,-1.0,-1.0,0.0,-1.0,-1.0,0.5,0.6,0.0,0.0,0.0,-1.0,0.0,0.0,-1.0,1.0,-0.5,-1.0,-1.0,-1.0,-1.0,-1.0,-1.0,-1.0,-1.0,-1.0,0.817
0.2,-0.3325,-0.6675,-1.0,-0.3325,-1.0,0.0,0.0,-1.0,0.0,-1.0,-1.0,-1.0,-1.0,-1.0,-1.0,-1.0,-1.0,-1.0,-1.0,-1.0,-1.0,-1.0,-1.0,-1.0,-1.0,-1.0,-1.0,-1.0,-1.0,-1.0,-1.0,-1.0,-1.0,-1.0,-1.0,-1.0,-1.0,-1.0,-1.0,-1.0,-1.0,0.0,0.0,-1.0,-1.0,-1.0,-1.0,-1.0,-1.0,-1.0,-1.0,-1.0,-1.0,-1.0,-1.0,-1.0,-1.0,-1.0,-1.0,0.417
0.2,-0.6675,-1.0,-1.0,-1.0,0.0,-1.0,0.0,1.0,-1.0,-1.0,-1.0,-1.0,-1.0,-1.0,-1.0,-1.0,-1.0,-1.0,-1.0,-1.0,-1.0,-1.0,-1.0,-1.0,-1.0,-1.0,-1.0,-1.0,-1.0,-0.5,0.0,0.1425,-1.0,-1.0,-1.0,-1.0,0.0,-1.0,-1.0,-0.5,-1.0,0.0,0.0,-1.0,-1.0,-1.0,-1.0,-1.0,-1.0,-0.5,-1.0,-1.0,-1.0,-1.0,-1.0,-1.0,-1.0,-1.0,-1.0,0.772
0.2,-0.6675,-1.0,-1.0,-1.0,0.0,-1.0,0.0,1.0,-1.0,-1.0,-1.0,-1.0,-1.0,-1.0,-1.0,-1.0,-1.0,-1.0,-1.0,-1.0,-1.0,-1.0,-1.0,-1.0,-1.0,-1.0,-1.0,-1.0,-1.0,0.0,0.0,-0.4275,-1.0,0.3325,1.0,-1.0,0.0,-0.3325,0.0,-0.5,-1.0,0.0,0.0,-1.0,-1.0,-1.0,-1.0,-1.0,-1.0,1.0,0.0,-1.0,-1.0,-1.0,-1.0,1.0,1.0,0.3325,0.3325,0.678
0.2,-0.6675,-1.0,-1.0,-1.0,0.0,-1.0,0.0,1.0,-1.0,-1.0,-1.0,-1.0,-1.0,-1.0,-1.0,-1.0,-1.0,-1.0,-1.0,-1.0,-1.0,-1.0,-1.0,-1.0,-1.0,-1.0,-1.0,-1.0,-1.0,0.0,-0.5,-0.4275,-1.0,-0.3325,-1.0,-1.0,0.0,-1.0,-1.0,0.5,0.2,0.0,0.0,0.0,-1.0,0.0,0.0,-1.0,1.0,-0.5,-1.0,-1.0,-1.0,-1.0,-1.0,-1.0,-1.0,-1.0,-1.0,0.73
0.2,-0.6675,-1.0,-1.0,-1.0,0.0,-1.0,0.0,1.0,-1.0,-1.0,-1.0,-1.0,-1.0,-1.0,-1.0,-1.0,-1.0,-1.0,-1.0,-1.0,-1.0,-1.0,-1.0,-1.0,-1.0,-1.0,-1.0,-1.0,-1.0,0.0,-0.25,-0.4275,0.0,0.3325,0.0,-1.0,0.0,-0.3325,-0.5,1.0,-0.2,0.0,0.0,-1.0,-1.0,0.0,1.0,0.3325,1.0,-0.5,-1.0,-1.0,-1.0,-1.0,-1.0,-1.0,-1.0,-1.0,-1.0,0.73
0.2,-0.6675,-1.0,-1.0,-1.0,0.0,-1.0,0.0,1.0,-1.0,-1.0,-1.0,-1.0,-1.0,-1.0,-1.0,-1.0,-1.0,-1.0,-1.0,-1.0,-1.0,-1.0,-1.0,-1.0,-1.0,-1.0,-1.0,-1.0,-1.0,0.0,0.25,0.1425,0.0,0.3325,0.0,-1.0,0.0,-0.3325,-0.5,-0.5,-1.0,0.0,0.0,-1.0,-1.0,-1.0,-1.0,-1.0,-1.0,1.0,0.0,-1.0,-1.0,-1.0,-1.0,1.0,1.0,0.3325,0.3325,0.612
0.2,-0.6675,-1.0,-1.0,-1.0,0.0,-1.0,0.0,1.0,-1.0,-1.0,-1.0,-1.0,-1.0,-1.0,-1.0,-1.0,-1.0,-1.0,-1.0,-1.0,-1.0,-1.0,-1.0,-1.0,-1.0,-1.0,-1.0,-1.0,-1.0,-0.5,-0.5,-0.4275,-1.0,-1.0,-1.0,-1.0,0.0,-1.0,-1.0,0.5,-0.6,0.0,0.0,-1.0,1.0,-1.0,0.0,1.0,-1.0,1.0,0.0,-1.0,-1.0,-1.0,-1.0,1.0,1.0,0.3325,0.3325,0.757
-0.6,-0.3325,-0.3325,-1.0,-1.0,-1.0,-1.0,0.0,-1.0,-1.0,-0.6,-1.0,-1.0,-1.0,-1.0,-1.0,-1.0,-1.0,-1.0,-1.0,1.0,0.3325,-1.0,-1.0,-1.0,-1.0,1.0,1.0,0.3325,1.0,0.5,-0.75,-1.0,-1.0,-1.0,0.0,-1.0,0.0,1.0,-1.0,-1.0,-1.0,0.0,0.0,-1.0,-1.0,-1.0,-1.0,-1.0,-1.0,-1.0,-1.0,-1.0,-1.0,-1.0,-1.0,-1.0,-1.0,-1.0,-1.0,0.336
0.2,-0.6675,-1.0,-1.0,-1.0,0.0,-1.0,1.0,0.3325,-1.0,-1.0,-1.0,-1.0,-1.0,-1.0,-1.0,-1.0,-1.0,-1.0,-1.0,-1.0,-1.0,-1.0,-1.0,-1.0,-1.0,-1.0,-1.0,-1.0,-1.0,0.0,-0.25,-0.4275,0.0,0.3325,0.0,-1.0,0.0,-0.3325,-0.5,-0.5,-1.0,0.0,0.0,-1.0,-1.0,-1.0,-1.0,-1.0,-1.0,1.0,0.0,-1.0,-1.0,-1.0,-1.0,1.0,1.0,0.3325,0.3325,0.817
-0.6,-1.0,-1.0,-1.0,-1.0,-1.0,-1.0,-1.0,-1.0,-1.0,-1.0,-1.0,-1.0,-1.0,-1.0,-1.0,-1.0,-1.0,-1.0,-1.0,-1.0,-1.0,-1.0,-1.0,-1.0,-1.0,-1.0,-1.0,-1.0,-1.0,0.0,-0.25,-0.4275,0.0,0.3325,0.0,-1.0,0.0,-0.3325,-0.5,1.0,-0.2,0.0,0.0,-1.0,-1.0,0.0,1.0,0.3325,1.0,-0.5,-1.0,-1.0,-1.0,-1.0,-1.0,-1.0,-1.0,-1.0,-1.0,0.788
0.2,-0.6675,-1.0,-1.0,-1.0,0.0,-1.0,0.0,1.0,-1.0,-1.0,-1.0,-1.0,-1.0,-1.0,-1.0,-1.0,-1.0,-1.0,-1.0,-1.0,-1.0,-1.0,-1.0,-1.0,-1.0,-1.0,-1.0,-1.0,-1.0,0.0,-0.25,-0.1425,-1.0,0.3325,0.0,-1.0,0.0,-0.3325,-1.0,-0.5,-1.0,0.0,0.0,-1.0,-1.0,-1.0,-1.0,-1.0,-1.0,1.0,0.0,-1.0,-1.0,-1.0,-1.0,1.0,1.0,0.3325,0.3325,0.672
-1.0,-1.0,-1.0,-1.0,-1.0,-1.0,-1.0,-1.0,-1.0,-1.0,-1.0,-1.0,-1.0,-1.0,-1.0,-1.0,-1.0,-1.0,-1.0,-1.0,-1.0,-1.0,-1.0,-1.0,-1.0,-1.0,-1.0,-1.0,-1.0,-1.0,0.0,0.25,-0.4275,-1.0,0.3325,0.0,-1.0,-1.0,-0.3325,0.0,-1.0,-1.0,0.0,0.0,-1.0,-1.0,-1.0,-1.0,-1.0,-1.0,-1.0,-1.0,-1.0,-1.0,-1.0,-1.0,-1.0,-1.0,-1.0,-1.0,0.523
-0.2,-0.6675,-1.0,-1.0,-0.3325,0.0,-1.0,1.0,-0.3325,-1.0,-0.6,-1.0,-1.0,-1.0,-1.0,-1.0,-1.0,-1.0,-1.0,-1.0,0.0,1.0,1.0,1.0,1.0,1.0,-1.0,0.0,-0.3325,0.0,-0.5,-1.0,-1.0,-1.0,-1.0,-1.0,-1.0,-1.0,-1.0,-1.0,-1.0,-1.0,0.0,0.0,-1.0,-1.0,-1.0,-1.0,-1.0,-1.0,-1.0,-1.0,-1.0,-1.0,-1.0,-1.0,-1.0,-1.0,-1.0,-1.0,0.772
-0.2,0.3325,-0.6675,1.0,0.3325,0.0,-1.0,0.0,-0.3325,0.0,0.2,-0.3325,-1.0,-1.0,-1.0,1.0,-1.0,0.0,1.0,-1.0,-0.5,-1.0,-1.0,-1.0,-1.0,-1.0,-1.0,-1.0,-1.0,-1.0,-0.5,-1.0,-1.0,-1.0,-1.0,-1.0,-1.0,-1.0,-1.0,-1.0,-1.0,-1.0,0.0,0.0,-1.0,-1.0,-1.0,-1.0,-1.0,-1.0,-1.0,-1.0,-1.0,-1.0,-1.0,-1.0,-1.0,-1.0,-1.0,-1.0,0.798
0.2,-0.6675,-1.0,-1.0,-1.0,0.0,-1.0,0.0,1.0,-1.0,-1.0,-1.0,-1.0,-1.0,-1.0,-1.0,-1.0,-1.0,-1.0,-1.0,-1.0,-1.0,-1.0,-1.0,-1.0,-1.0,-1.0,-1.0,-1.0,-1.0,0.0,0.25,0.4275,0.0,-0.3325,0.0,-1.0,0.0,-0.3325,-0.5,-0.5,-1.0,0.0,0.0,-1.0,-1.0,-1.0,-1.0,-1.0,-1.0,1.0,0.0,-1.0,-1.0,-1.0,-1.0,1.0,1.0,0.3325,0.3325,0.631
-0.2,0.0,0.0,-1.0,0.3325,0.0,-1.0,0.0,-0.3325,-1.0,-0.6,-1.0,-1.0,-1.0,-1.0,-1.0,-1.0,-1.0,-1.0,-1.0,1.0,0.3325,-1.0,-1.0,-1.0,-1.0,1.0,1.0,0.3325,1.0,-0.5,-1.0,-1.0,-1.0,-1.0,-1.0,-1.0,-1.0,-1.0,-1.0,-1.0,-1.0,0.0,0.0,-1.0,-1.0,-1.0,-1.0,-1.0,-1.0,-1.0,-1.0,-1.0,-1.0,-1.0,-1.0,-1.0,-1.0,-1.0,-1.0,0.751
-0.6,-1.0,-1.0,-1.0,-1.0,-1.0,-1.0,-1.0,-1.0,-1.0,-1.0,-1.0,-1.0,-1.0,-1.0,-1.0,-1.0,-1.0,-1.0,-1.0,-1.0,-1.0,-1.0,-1.0,-1.0,-1.0,-1.0,-1.0,-1.0,-1.0,0.0,0.5,0.1425,1.0,1.0,0.0,-1.0,0.0,-0.3325,-0.5,1.0,-0.2,0.0,0.0,-1.0,-1.0,0.0,1.0,0.3325,1.0,-0.5,-1.0,-1.0,-1.0,-1.0,-1.0,-1.0,-1.0,-1.0,-1.0,0.647
-0.6,-1.0,-1.0,-1.0,-1.0,-1.0,-1.0,-1.0,-1.0,-1.0,-1.0,-1.0,-1.0,-1.0,-1.0,-1.0,-1.0,-1.0,-1.0,-1.0,-1.0,-1.0,-1.0,-1.0,-1.0,-1.0,-1.0,-1.0,-1.0,-1.0,1.0,0.0,-0.4275,-1.0,-0.3325,-1.0,0.0,1.0,0.3325,0.0,-0.5,-1.0,0.0,0.0,-1.0,-1.0,-1.0,-1.0,-1.0,-1.0,1.0,0.0,-1.0,-1.0,-1.0,-1.0,1.0,1.0,0.3325,0.3325,0.666
-0.2,0.0,0.3325,-1.0,0.3325,0.0,-1.0,0.0,-0.3325,-1.0,-0.2,1.0,1.0,1.0,1.0,1.0,-1.0,0.0,-0.3325,0.0,-0.5,-1.0,-1.0,-1.0,-1.0,-1.0,-1.0,-1.0,-1.0,-1.0,-0.5,-1.0,-1.0,-1.0,-1.0,-1.0,-1.0,-1.0,-1.0,-1.0,-1.0,-1.0,0.0,0.0,-1.0,-1.0,-1.0,-1.0,-1.0,-1.0,-1.0,-1.0,-1.0,-1.0,-1.0,-1.0,-1.0,-1.0,-1.0,-1.0,0.713
-0.6,-1.0,-1.0,-1.0,-1.0,-1.0,-1.0,-1.0,-1.0,-1.0,-1.0,-1.0,-1.0,-1.0,-1.0,-1.0,-1.0,-1.0,-1.0,-1.0,-1.0,-1.0,-1.0,-1.0,-1.0,-1.0,-1.0,-1.0,-1.0,-1.0,0.0,0.0,-0.715,1.0,0.3325,0.0,-1.0,0.0,-0.3325,-0.5,-0.5,-1.0,0.0,0.0,-1.0,-1.0,-1.0,-1.0,-1.0,-1.0,1.0,0.0,-1.0,-1.0,-1.0,-1.0,1.0,1.0,0.3325,0.3325,0.653
0.2,-0.6675,-1.0,-1.0,-1.0,0.0,-1.0,0.0,1.0,-1.0,-1.0,-1.0,-1.0,-1.0,-1.0,-1.0,-1.0,-1.0,-1.0,-1.0,-1.0,-1.0,-1.0,-1.0,-1.0,-1.0,-1.0,-1.0,-1.0,-1.0,0.0,0.25,1.0,-1.0,0.3325,0.0,-1.0,0.0,-0.3325,-1.0,-0.5,-1.0,0.0,0.0,-1.0,-1.0,-1.0,-1.0,-1.0,-1.0,1.0,0.0,-1.0,-1.0,-1.0,-1.0,1.0,1.0,0.3325,0.3325,0.676
-1.0,-1.0,-1.0,-1.0,-1.0,-1.0,-1.0,-1.0,-1.0,-1.0,-1.0,-1.0,-1.0,-1.0,-1.0,-1.0,-1.0,-1.0,-1.0,-1.0,-1.0,-1.0,-1.0,-1.0,-1.0,-1.0,-1.0,-1.0,-1.0,-1.0,0.0,-0.25,-0.4275,-1.0,-0.3325,-1.0,-1.0,0.0,-1.0,0.0,-1.0,-1.0,0.0,0.0,-1.0,-1.0,-1.0,-1.0,-1.0,-1.0,-1.0,-1.0,-1.0,-1.0,-1.0,-1.0,-1.0,-1.0,-1.0,-1.0,0.504
-1.0,-1.0,-1.0,-1.0,-1.0,-1.0,-1.0,-1.0,-1.0,-1.0,-1.0,-1.0,-1.0,-1.0,-1.0,-1.0,-1.0,-1.0,-1.0,-1.0,-1.0,-1.0,-1.0,-1.0,-1.0,-1.0,-1.0,-1.0,-1.0,-1.0,-0.5,0.5,-0.4275,-1.0,-0.3325,-1.0,-1.0,0.0,-1.0,-0.5,-1.0,-1.0,0.0,0.0,-1.0,-1.0,-1.0,-1.0,-1.0,-1.0,-1.0,-1.0,-1.0,-1.0,-1.0,-1.0,-1.0,-1.0,-1.0,-1.0,0.647
-0.6,-1.0,-1.0,-1.0,-1.0,-1.0,-1.0,-1.0,-1.0,-1.0,-1.0,-1.0,-1.0,-1.0,-1.0,-1.0,-1.0,-1.0,-1.0,-1.0,-1.0,-1.0,-1.0,-1.0,-1.0,-1.0,-1.0,-1.0,-1.0,-1.0,-0.5,0.0,0.1425,-1.0,-1.0,-1.0,-1.0,0.0,-1.0,-1.0,-0.5,-1.0,0.0,0.0,-1.0,-1.0,-1.0,-1.0,-1.0,-1.0,1.0,0.0,-1.0,-1.0,-1.0,-1.0,1.0,1.0,0.3325,0.3325,0.726
0.2,-0.6675,-1.0,-1.0,-1.0,0.0,-1.0,0.0,1.0,-1.0,-1.0,-1.0,-1.0,-1.0,-1.0,-1.0,-1.0,-1.0,-1.0,-1.0,-1.0,-1.0,-1.0,-1.0,-1.0,-1.0,-1.0,-1.0,-1.0,-1.0,-1.0,-1.0,-1.0,-1.0,-1.0,-1.0,-1.0,-1.0,-1.0,-1.0,-1.0,-1.0,0.0,0.0,-1.0,-1.0,-1.0,-1.0,-1.0,-1.0,-1.0,-1.0,-1.0,-1.0,-1.0,-1.0,-1.0,-1.0,-1.0,-1.0,0.738
-1.0,-1.0,-1.0,-1.0,-1.0,-1.0,-1.0,-1.0,-1.0,-1.0,-1.0,-1.0,-1.0,-1.0,-1.0,-1.0,-1.0,-1.0,-1.0,-1.0,-1.0,-1.0,-1.0,-1.0,-1.0,-1.0,-1.0,-1.0,-1.0,-1.0,0.0,0.25,-0.715,-1.0,0.3325,-1.0,-1.0,0.0,-1.0,0.0,-1.0,-1.0,0.0,0.0,-1.0,-1.0,-1.0,-1.0,-1.0,-1.0,-1.0,-1.0,-1.0,-1.0,-1.0,-1.0,-1.0,-1.0,-1.0,-1.0,0.606
-0.2,0.3325,0.0,0.0,-0.3325,-1.0,-1.0,0.0,-1.0,0.0,-1.0,-1.0,-1.0,-1.0,-1.0,-1.0,-1.0,-1.0,-1.0,-1.0,-1.0,-1.0,-1.0,-1.0,-1.0,-1.0,-1.0,-1.0,-1.0,-1.0,-1.0,-1.0,-1.0,-1.0,-1.0,-1.0,-1.0,-1.0,-1.0,-1.0,-1.0,-1.0,0.0,0.0,-1.0,-1.0,-1.0,-1.0,-1.0,-1.0,-1.0,-1.0,-1.0,-1.0,-1.0,-1.0,-1.0,-1.0,-1.0,-1.0,0.494
-0.6,-1.0,-1.0,-1.0,-1.0,-1.0,-1.0,-1.0,-1.0,-1.0,-1.0,-1.0,-1.0,-1.0,-1.0,-1.0,-1.0,-1.0,-1.0,-1.0,-1.0,-1.0,-1.0,-1.0,-1.0,-1.0,-1.0,-1.0,-1.0,-1.0,0.0,-0.25,-0.4275,0.0,0.3325,0.0,-1.0,0.0,-0.3325,-0.5,-0.5,-1.0,0.0,0.0,-1.0,-1.0,-1.0,-1.0,-1.0,-1.0,-0.5,-1.0,-1.0,-1.0,-1.0,-1.0,-1.0,-1.0,-1.0,-1.0,0.765
-0.6,-1.0,-1.0,-1.0,-1.0,-1.0,-1.0,-1.0,-1.0,-1.0,-1.0,-1.0,-1.0,-1.0,-1.0,-1.0,-1.0,-1.0,-1.0,-1.0,-1.0,-1.0,-1.0,-1.0,-1.0,-1.0,-1.0,-1.0,-1.0,-1.0,0.0,-0.5,-1.0,0.0,-0.3325,1.0,-1.0,0.0,-0.3325,0.0,-0.5,-1.0,0.0,0.0,-1.0,-1.0,-1.0,-1.0,-1.0,-1.0,1.0,0.0,-1.0,-1.0,-1.0,-1.0,1.0,1.0,0.3325,0.3325,0.1
-1.0,-1.0,-1.0,-1.0,-1.0,-1.0,-1.0,-1.0,-1.0,-1.0,-1.0,-1.0,-1.0,-1.0,-1.0,-1.0,-1.0,-1.0,-1.0,-1.0,-1.0,-1.0,-1.0,-1.0,-1.0,-1.0,-1.0,-1.0,-1.0,-1.0,0.5,-0.5,-0.715,-1.0,-0.3325,-1.0,0.0,0.0,-1.0,-0.5,-1.0,-1.0,0.0,0.0,-1.0,-1.0,-1.0,-1.0,-1.0,-1.0,-1.0,-1.0,-1.0,-1.0,-1.0,-1.0,-1.0,-1.0,-1.0,-1.0,0.467
-0.2,-0.3325,-1.0,-1.0,-0.3325,0.0,-1.0,0.0,-0.3325,-1.0,-1.0,-1.0,-1.0,-1.0,-1.0,-1.0,-1.0,-1.0,-1.0,-1.0,-1.0,-1.0,-1.0,-1.0,-1.0,-1.0,-1.0,-1.0,-1.0,-1.0,-1.0,-1.0,-1.0,-1.0,-1.0,-1.0,-1.0,-1.0,-1.0,-1.0,-1.0,-1.0,0.0,0.0,-1.0,-1.0,-1.0,-1.0,-1.0,-1.0,-1.0,-1.0,-1.0,-1.0,-1.0,-1.0,-1.0,-1.0,-1.0,-1.0,0.409
0.2,-0.6675,-1.0,-1.0,-1.0,0.0,-1.0,0.0,1.0,-1.0,-1.0,-1.0,-1.0,-1.0,-1.0,-1.0,-1.0,-1.0,-1.0,-1.0,-1.0,-1.0,-1.0,-1.0,-1.0,-1.0,-1.0,-1.0,-1.0,-1.0,0.0,0.0,-0.4275,-1.0,0.3325,1.0,-1.0,0.0,-0.3325,0.0,-0.5,-1.0,0.0,0.0,-1.0,-1.0,-1.0,-1.0,-1.0,-1.0,-0.5,-1.0,-1.0,-1.0,-1.0,-1.0,-1.0,-1.0,-1.0,-1.0,0.765
-0.6,-1.0,-1.0,-1.0,-1.0,-1.0,-1.0,-1.0,-1.0,-1.0,-1.0,-1.0,-1.0,-1.0,-1.0,-1.0,-1.0,-1.0,-1.0,-1.0,-1.0,-1.0,-1.0,-1.0,-1.0,-1.0,-1.0,-1.0,-1.0,-1.0,0.0,-0.25,-0.4275,0.0,-0.3325,0.0,-1.0,0.0,-0.3325,-0.5,0.0,-0.2,0.0,0.0,0.0,1.0,-1.0,0.0,-0.3325,-1.0,1.0,0.0,-1.0,-1.0,-1.0,-1.0,1.0,1.0,0.3325,0.3325,0.676
-0.6,-1.0,-1.0,-1.0,-1.0,-1.0,-1.0,-1.0,-1.0,-1.0,-1.0,-1.0,-1.0,-1.0,-1.0,-1.0,-1.0,-1.0,-1.0,-1.0,-1.0,-1.0,-1.0,-1.0,-1.0,-1.0,-1.0,-1.0,-1.0,-1.0,0.0,-0.25,-0.4275,0.0,-0.3325,0.0,-1.0,0.0,-0.3325,-0.5,-0.5,-1.0,0.0,0.0,-1.0,-1.0,-1.0,-1.0,-1.0,-1.0,1.0,0.0,-1.0,-1.0,-1.0,-1.0,1.0,1.0,0.3325,0.3325,0.705
-0.2,0.0,-0.3325,0.0,0.3325,0.0,-1.0,0.0,-0.3325,0.0,-0.6,-1.0,-1.0,-1.0,-1.0,-1.0,-1.0,-1.0,-1.0,-1.0,-0.5,-1.0,-1.0,-1.0,-1.0,-1.0,-1.0,-1.0,-1.0,-1.0,-0.5,-1.0,-1.0,-1.0,-1.0,-1.0,-1.0,-1.0,-1.0,-1.0,-1.0,-1.0,0.0,0.0,-1.0,-1.0,-1.0,-1.0,-1.0,-1.0,-1.0,-1.0,-1.0,-1.0,-1.0,-1.0,-1.0,-1.0,-1.0,-1.0,0.55
-0.6,-1.0,-1.0,-1.0,-1.0,-1.0,-1.0,-1.0,-1.0,-1.0,-1.0,-1.0,-1.0,-1.0,-1.0,-1.0,-1.0,-1.0,-1.0,-1.0,-1.0,-1.0,-1.0,-1.0,-1.0,-1.0,-1.0,-1.0,-1.0,-1.0,1.0,0.0,-0.4275,-1.0,-0.3325,-1.0,0.0,1.0,0.3325,0.0,1.0,-0.2,0.0,0.0,-1.0,-1.0,0.0,1.0,0.3325,1.0,-0.5,-1.0,-1.0,-1.0,-1.0,-1.0,-1.0,-1.0,-1.0,-1.0,0.713
-0.6,-1.0,-1.0,-1.0,-1.0,-1.0,-1.0,-1.0,-1.0,-1.0,-1.0,-1.0,-1.0,-1.0,-1.0,-1.0,-1.0,-1.0,-1.0,-1.0,-1.0,-1.0,-1.0,-1.0,-1.0,-1.0,-1.0,-1.0,-1.0,-1.0,0.0,-0.25,-0.4275,0.0,-0.3325,0.0,-1.0,1.0,-0.3325,-0.5,-0.5,-1.0,0.0,0.0,-1.0,-1.0,-1.0,-1.0,-1.0,-1.0,1.0,0.0,-1.0,-1.0,-1.0,-1.0,1.0,1.0,0.3325,0.3325,0.689
0.2,-0.6675,-1.0,-1.0,-1.0,0.0,-1.0,0.0,1.0,-1.0,-1.0,-1.0,-1.0,-1.0,-1.0,-1.0,-1.0,-1.0,-1.0,-1.0,-1.0,-1.0,-1.0,-1.0,-1.0,-1.0,-1.0,-1.0,-1.0,-1.0,0.0,0.0,-0.4275,0.0,0.3325,0.0,-1.0,0.0,-0.3325,0.0,-0.5,-1.0,0.0,0.0,-1.0,-1.0,-1.0,-1.0,-1.0,-1.0,1.0,0.0,-1.0,-1.0,-1.0,-1.0,1.0,1.0,0.3325,0.3325,0.608
-0.2,0.0,0.3325,-1.0,0.3325,0.0,-1.0,0.0,-0.3325,-1.0,-0.6,-1.0,-1.0,-1.0,-1.0,-1.0,-1.0,-1.0,-1.0,-1.0,1.0,0.3325,-1.0,-1.0,-1.0,-1.0,1.0,1.0,0.3325,1.0,0.5,-0.75,-1.0,-1.0,-1.0,0.0,-1.0,0.0,1.0,-1.0,-1.0,-1.0,0.0,0.0,-1.0,-1.0,-1.0,-1.0,-1.0,-1.0,-1.0,-1.0,-1.0,-1.0,-1.0,-1.0,-1.0,-1.0,-1.0,-1.0,0.687
0.2,-0.6675,-1.0,-1.0,-1.0,0.0,-1.0,0.0,1.0,-1.0,-1.0,-1.0,-1.0,-1.0,-1.0,-1.0,-1.0,-1.0,-1.0,-1.0,-1.0,-1.0,-1.0,-1.0,-1.0,-1.0,-1.0,-1.0,-1.0,-1.0,0.0,0.0,0.715,-1.0,1.0,0.0,-1.0,0.0,-0.3325,-1.0,-0.5,-1.0,0.0,0.0,-1.0,-1.0,-1.0,-1.0,-1.0,-1.0,1.0,0.0,-1.0,-1.0,-1.0,-1.0,1.0,1.0,0.3325,0.3325,0.61
-0.2,-0.3325,-0.3325,-1.0,-0.3325,-1.0,-1.0,0.0,-1.0,-1.0,-0.2,1.0,1.0,1.0,1.0,1.0,-1.0,0.0,-0.3325,0.0,-0.5,-1.0,-1.0,-1.0,-1.0,-1.0,-1.0,-1.0,-1.0,-1.0,-0.5,-1.0,-1.0,-1.0,-1.0,-1.0,-1.0,-1.0,-1.0,-1.0,-1.0,-1.0,0.0,0.0,-1.0,-1.0,-1.0,-1.0,-1.0,-1.0,-1.0,-1.0,-1.0,-1.0,-1.0,-1.0,-1.0,-1.0,-1.0,-1.0,0.564
-0.6,-1.0,-1.0,-1.0,-1.0,-1.0,-1.0,-1.0,-1.0,-1.0,-1.0,-1.0,-1.0,-1.0,-1.0,-1.0,-1.0,-1.0,-1.0,-1.0,-1.0,-1.0,-1.0,-1.0,-1.0,-1.0,-1.0,-1.0,-1.0,-1.0,-0.5,-0.5,-0.4275,-1.0,-1.0,-1.0,-1.0,0.0,-1.0,-1.0,-0.5,-1.0,0.0,0.0,-1.0,-1.0,-1.0,-1.0,-1.0,-1.0,1.0,0.0,-1.0,-1.0,-1.0,-1.0,1.0,1.0,0.3325,0.3325,0.666
-0.6,-1.0,-1.0,-1.0,-1.0,-1.0,-1.0,-1.0,-1.0,-1.0,-1.0,-1.0,-1.0,-1.0,-1.0,-1.0,-1.0,-1.0,-1.0,-1.0,-1.0,-1.0,-1.0,-1.0,-1.0,-1.0,-1.0,-1.0,-1.0,-1.0,0.0,0.0,-0.715,1.0,0.3325,0.0,-1.0,0.0,-0.3325,-0.5,-0.5,-0.6,0.0,0.0,-1.0,-1.0,-1.0,0.0,-1.0,-1.0,1.0,0.0,-1.0,-1.0,-1.0,-1.0,1.0,1.0,0.3325,0.3325,0.73
-0.6,-0.6675,-1.0,-1.0,-1.0,-1.0,-1.0,0.0,-1.0,-1.0,-0.6,-1.0,-1.0,-1.0,-1.0,-1.0,-1.0,-1.0,-1.0,-1.0,-0.5,-1.0,-1.0,-1.0,-1.0,-1.0,-1.0,-1.0,-1.0,-1.0,-0.5,-1.0,-1.0,-1.0,-1.0,-1.0,-1.0,-1.0,-1.0,-1.0,-1.0,-1.0,0.0,0.0,-1.0,-1.0,-1.0,-1.0,-1.0,-1.0,-1.0,-1.0,-1.0,-1.0,-1.0,-1.0,-1.0,-1.0,-1.0,-1.0,0.788
-0.6,-1.0,-1.0,-1.0,-1.0,-1.0,-1.0,-1.0,-1.0,-1.0,-1.0,-1.0,-1.0,-1.0,-1.0,-1.0,-1.0,-1.0,-1.0,-1.0,-1.0,-1.0,-1.0,-1.0,-1.0,-1.0,-1.0,-1.0,-1.0,-1.0,0.0,-0.25,-1.0,0.0,-0.3325,0.0,-1.0,0.0,-0.3325,-0.5,-0.5,-1.0,0.0,0.0,-1.0,-1.0,-1.0,-1.0,-1.0,-1.0,1.0,0.0,-1.0,-1.0,-1.0,-1.0,1.0,1.0,0.3325,0.3325,0.206
-0.2,0.3325,0.6675,-1.0,0.3325,0.0,-1.0,0.0,-0.3325,-1.0,-0.6,-1.0,-1.0,-1.0,-1.0,-1.0,-1.0,-1.0,-1.0,-1.0,1.0,0.3325,-1.0,-1.0,-1.0,-1.0,1.0,1.0,0.3325,1.0,-0.5,-1.0,-1.0,-1.0,-1.0,-1.0,-1.0,-1.0,-1.0,-1.0,-1.0,-1.0,0.0,0.0,-1.0,-1.0,-1.0,-1.0,-1.0,-1.0,-1.0,-1.0,-1.0,-1.0,-1.0,-1.0,-1.0,-1.0,-1.0,-1.0,0.682
-0.2,0.6675,-0.3325,-1.0,-0.3325,-1.0,-1.0,0.0,-1.0,1.0,-0.6,-1.0,-1.0,-1.0,-1.0,-1.0,-1.0,-1.0,-1.0,-1.0,-0.5,-1.0,-1.0,-1.0,-1.0,-1.0,-1.0,-1.0,-1.0,-1.0,-0.5,-1.0,-1.0,-1.0,-1.0,-1.0,-1.0,-1.0,-1.0,-1.0,-1.0,-1.0,0.0,0.0,-1.0,-1.0,-1.0,-1.0,-1.0,-1.0,-1.0,-1.0,-1.0,-1.0,-1.0,-1.0,-1.0,-1.0,-1.0,-1.0,0.523
0.2,-0.6675,-1.0,-1.0,-1.0,0.0,-1.0,0.0,1.0,-1.0,-1.0,-1.0,-1.0,-1.0,-1.0,-1.0,-1.0,-1.0,-1.0,-1.0,-1.0,-1.0,-1.0,-1.0,-1.0,-1.0,-1.0,-1.0,-1.0,-1.0,0.0,0.0,0.4275,-1.0,0.3325,0.0,-1.0,0.0,-0.3325,-1.0,-0.5,-1.0,0.0,0.0,-1.0,-1.0,-1.0,-1.0,-1.0,-1.0,1.0,0.0,-1.0,-1.0,-1.0,-1.0,1.0,1.0,0.3325,0.3325,0.699
-1.0,-1.0,-1.0,-1.0,-1.0,-1.0,-1.0,-1.0,-1.0,-1.0,-1.0,-1.0,-1.0,-1.0,-1.0,-1.0,-1.0,-1.0,-1.0,-1.0,-1.0,-1.0,-1.0,-1.0,-1.0,-1.0,-1.0,-1.0,-1.0,-1.0,0.0,0.25,-0.1425,-1.0,-0.3325,-1.0,-1.0,0.0,-1.0,0.0,-1.0,-1.0,0.0,0.0,-1.0,-1.0,-1.0,-1.0,-1.0,-1.0,-1.0,-1.0,-1.0,-1.0,-1.0,-1.0,-1.0,-1.0,-1.0,-1.0,0.653
0.2,-0.6675,-1.0,-1.0,-1.0,0.0,-1.0,0.0,1.0,-1.0,-1.0,-1.0,-1.0,-1.0,-1.0,-1.0,-1.0,-1.0,-1.0,-1.0,-1.0,-1.0,-1.0,-1.0,-1.0,-1.0,-1.0,-1.0,-1.0,-1.0,0.0,0.25,0.715,-1.0,0.3325,0.0,-1.0,0.0,-0.3325,-1.0,-0.5,-1.0,0.0,0.0,-1.0,-1.0,-1.0,-1.0,-1.0,-1.0,1.0,0.0,-1.0,-1.0,-1.0,-1.0,1.0,1.0,0.3325,0.3325,0.699
0.2,-0.6675,-1.0,-1.0,-1.0,0.0,-1.0,0.0,1.0,-1.0,-1.0,-1.0,-1.0,-1.0,-1.0,-1.0,-1.0,-1.0,-1.0,-1.0,-1.0,-1.0,-1.0,-1.0,-1.0,-1.0,-1.0,-1.0,-1.0,-1.0,0.0,0.5,0.1425,1.0,1.0,0.0,-1.0,0.0,-0.3325,-0.5,-0.5,-1.0,0.0,0.0,-1.0,-1.0,-1.0,-1.0,-1.0,-1.0,1.0,0.0,-1.0,-1.0,-1.0,-1.0,1.0,1.0,0.3325,0.3325,0.722
-0.6,0.3325,0.3325,-1.0,-1.0,-1.0,-1.0,0.0,-1.0,-1.0,-0.6,-1.0,-1.0,-1.0,-1.0,-1.0,-1.0,-1.0,-1.0,-1.0,1.0,0.3325,-1.0,-1.0,-1.0,-1.0,1.0,1.0,0.3325,1.0,-0.5,-1.0,-1.0,-1.0,-1.0,-1.0,-1.0,-1.0,-1.0,-1.0,-1.0,-1.0,0.0,0.0,-1.0,-1.0,-1.0,-1.0,-1.0,-1.0,-1.0,-1.0,-1.0,-1.0,-1.0,-1.0,-1.0,-1.0,-1.0,-1.0,0.809
-0.2,0.3325,-0.6675,1.0,0.3325,0.0,-1.0,0.0,-0.3325,0.0,0.6,-0.3325,-1.0,-1.0,1.0,-1.0,1.0,1.0,-1.0,-1.0,-0.5,-1.0,-1.0,-1.0,-1.0,-1.0,-1.0,-1.0,-1.0,-1.0,-0.5,-1.0,-1.0,-1.0,-1.0,-1.0,-1.0,-1.0,-1.0,-1.0,-1.0,-1.0,0.0,0.0,-1.0,-1.0,-1.0,-1.0,-1.0,-1.0,-1.0,-1.0,-1.0,-1.0,-1.0,-1.0,-1.0,-1.0,-1.0,-1.0,0.827
-0.2,0.0,-0.6675,0.0,-0.3325,0.0,-1.0,0.0,-0.3325,0.0,-0.6,-1.0,-1.0,-1.0,-1.0,-1.0,-1.0,-1.0,-1.0,-1.0,1.0,0.3325,-1.0,-1.0,-1.0,-1.0,1.0,1.0,0.3325,1.0,-0.5,-1.0,-1.0,-1.0,-1.0,-1.0,-1.0,-1.0,-1.0,-1.0,-1.0,-1.0,0.0,0.0,-1.0,-1.0,-1.0,-1.0,-1.0,-1.0,-1.0,-1.0,-1.0,-1.0,-1.0,-1.0,-1.0,-1.0,-1.0,-1.0,0.651
0.2,-0.6675,-1.0,-1.0,-1.0,0.0,-1.0,0.0,1.0,-1.0,-1.0,-1.0,-1.0,-1.0,-1.0,-1.0,-1.0,-1.0,-1.0,-1.0,-1.0,-1.0,-1.0,-1.0,-1.0,-1.0,-1.0,-1.0,-1.0,-1.0,0.0,0.0,-0.715,1.0,0.3325,0.0,-1.0,0.0,-0.3325,-0.5,-0.5,-0.6,0.0,0.0,-1.0,-1.0,-1.0,0.0,-1.0,-1.0,1.0,0.0,-1.0,-1.0,-1.0,-1.0,1.0,1.0,0.3325,0.3325,0.747
-0.6,-0.3325,-0.3325,-1.0,-1.0,-1.0,-1.0,0.0,-1.0,-1.0,-0.6,-1.0,-1.0,-1.0,-1.0,-1.0,-1.0,-1.0,-1.0,-1.0,-0.5,-1.0,-1.0,-1.0,-1.0,-1.0,-1.0,-1.0,-1.0,-1.0,-0.5,-1.0,-1.0,-1.0,-1.0,-1.0,-1.0,-1.0,-1.0,-1.0,-1.0,-1.0,0.0,0.0,-1.0,-1.0,-1.0,-1.0,-1.0,-1.0,-1.0,-1.0,-1.0,-1.0,-1.0,-1.0,-1.0,-1.0,-1.0,-1.0,0.827
0.2,-0.6675,-1.0,-1.0,-1.0,0.0,-1.0,0.0,1.0,-1.0,-1.0,-1.0,-1.0,-1.0,-1.0,-1.0,-1.0,-1.0,-1.0,-1.0,-1.0,-1.0,-1.0,-1.0,-1.0,-1.0,-1.0,-1.0,-1.0,-1.0,0.0,-0.5,-0.4275,-1.0,-0.3325,-1.0,-1.0,0.0,-1.0,-1.0,0.5,0.6,0.0,0.0,0.0,-1.0,0.0,0.0,-1.0,1.0,-0.5,-1.0,-1.0,-1.0,-1.0,-1.0,-1.0,-1.0,-1.0,-1.0,0.757
-0.2,1.0,-0.6675,-1.0,0.3325,0.0,-1.0,-1.0,-0.3325,0.0,-1.0,-1.0,-1.0,-1.0,-1.0,-1.0,-1.0,-1.0,-1.0,-1.0,-1.0,-1.0,-1.0,-1.0,-1.0,-1.0,-1.0,-1.0,-1.0,-1.0,-1.0,-1.0,-1.0,-1.0,-1.0,-1.0,-1.0,-1.0,-1.0,-1.0,-1.0,-1.0,0.0,0.0,-1.0,-1.0,-1.0,-1.0,-1.0,-1.0,-1.0,-1.0,-1.0,-1.0,-1.0,-1.0,-1.0,-1.0,-1.0,-1.0,0.515
-0.6,-0.3325,-0.3325,-1.0,-1.0,-1.0,-1.0,0.0,-1.0,-1.0,-0.6,-1.0,-1.0,-1.0,-1.0,-1.0,-1.0,-1.0,-1.0,-1.0,0.0,1.0,1.0,1.0,1.0,1.0,-1.0,0.0,-0.3325,0.0,-0.5,-1.0,-1.0,-1.0,-1.0,-1.0,-1.0,-1.0,-1.0,-1.0,-1.0,-1.0,0.0,0.0,-1.0,-1.0,-1.0,-1.0,-1.0,-1.0,-1.0,-1.0,-1.0,-1.0,-1.0,-1.0,-1.0,-1.0,-1.0,-1.0,0.842
-1.0,-1.0,-1.0,-1.0,-1.0,-1.0,-1.0,-1.0,-1.0,-1.0,-1.0,-1.0,-1.0,-1.0,-1.0,-1.0,-1.0,-1.0,-1.0,-1.0,-1.0,-1.0,-1.0,-1.0,-1.0,-1.0,-1.0,-1.0,-1.0,-1.0,-0.5,-0.25,-0.1425,-1.0,-0.3325,-1.0,-1.0,0.0,-1.0,-0.5,-1.0,-1.0,0.0,0.0,-1.0,-1.0,-1.0,-1.0,-1.0,-1.0,-1.0,-1.0,-1.0,-1.0,-1.0,-1.0,-1.0,-1.0,-1.0,-1.0,0.772
0.2,-0.6675,-1.0,-1.0,-1.0,0.0,-1.0,0.0,1.0,-1.0,-1.0,-1.0,-1.0,-1.0,-1.0,-1.0,-1.0,-1.0,-1.0,-1.0,-1.0,-1.0,-1.0,-1.0,-1.0,-1.0,-1.0,-1.0,-1.0,-1.0,-0.5,-0.5,-0.4275,-1.0,-1.0,-1.0,-1.0,0.0,-1.0,-1.0,1.0,-0.2,0.0,0.0,-1.0,-1.0,0.0,1.0,0.3325,1.0,0.5,-0.5,-1.0,-1.0,-1.0,1.0,-1.0,0.0,1.0,-1.0,0.844
-0.6,-1.0,-1.0,-1.0,-1.0,-1.0,-1.0,-1.0,-1.0,-1.0,-1.0,-1.0,-1.0,-1.0,-1.0,-1.0,-1.0,-1.0,-1.0,-1.0,-1.0,-1.0,-1.0,-1.0,-1.0,-1.0,-1.0,-1.0,-1.0,-1.0,0.0,0.0,-0.4275,-1.0,0.3325,1.0,-1.0,0.0,-0.3325,0.0,-0.5,-1.0,0.0,0.0,-1.0,-1.0,-1.0,-1.0,-1.0,-1.0,-0.5,-1.0,-1.0,-1.0,-1.0,-1.0,-1.0,-1.0,-1.0,-1.0,0.409
-0.6,0.3325,0.3325,-1.0,-1.0,-1.0,-1.0,0.0,-1.0,-1.0,-0.6,-1.0,-1.0,-1.0,-1.0,-1.0,-1.0,-1.0,-1.0,-1.0,1.0,0.3325,-1.0,-1.0,-1.0,-1.0,1.0,1.0,0.3325,1.0,0.5,-0.75,-1.0,-1.0,-1.0,0.0,-1.0,0.0,1.0,-1.0,-1.0,-1.0,0.0,0.0,-1.0,-1.0,-1.0,-1.0,-1.0,-1.0,-1.0,-1.0,-1.0,-1.0,-1.0,-1.0,-1.0,-1.0,-1.0,-1.0,0.533
0.2,-0.6675,-1.0,-1.0,-1.0,0.0,-1.0,0.0,1.0,-1.0,-1.0,-1.0,-1.0,-1.0,-1.0,-1.0,-1.0,-1.0,-1.0,-1.0,-1.0,-1.0,-1.0,-1.0,-1.0,-1.0,-1.0,-1.0,-1.0,-1.0,0.0,-0.25,-0.4275,0.0,0.3325,0.0,-1.0,0.0,-0.3325,-0.5,-0.5,-1.0,0.0,0.0,-1.0,-1.0,-1.0,-1.0,-1.0,-1.0,1.0,0.0,-1.0,-1.0,-1.0,-1.0,1.0,1.0,0.3325,0.3325,0.67
-0.2,0.6675,0.0,0.0,0.3325,-1.0,-1.0,0.0,-1.0,1.0,-1.0,-1.0,-1.0,-1.0,-1.0,-1.0,-1.0,-1.0,-1.0,-1.0,-1.0,-1.0,-1.0,-1.0,-1.0,-1.0,-1.0,-1.0,-1.0,-1.0,-1.0,-1.0,-1.0,-1.0,-1.0,-1.0,-1.0,-1.0,-1.0,-1.0,-1.0,-1.0,0.0,0.0,-1.0,-1.0,-1.0,-1.0,-1.0,-1.0,-1.0,-1.0,-1.0,-1.0,-1.0,-1.0,-1.0,-1.0,-1.0,-1.0,0.396
0.6,-0.3325,-1.0,-1.0,-1.0,-1.0,0.0,1.0,0.3325,1.0,-1.0,-1.0,-1.0,-1.0,-1.0,-1.0,-1.0,-1.0,-1.0,-1.0,-1.0,-1.0,-1.0,-1.0,-1.0,-1.0,-1.0,-1.0,-1.0,-1.0,-1.0,-1.0,-1.0,-1.0,-1.0,-1.0,-1.0,-1.0,-1.0,-1.0,-1.0,-1.0,0.0,0.0,-1.0,-1.0,-1.0,-1.0,-1.0,-1.0,-1.0,-1.0,-1.0,-1.0,-1.0,-1.0,-1.0,-1.0,-1.0,-1.0,0.637
0.2,-0.6675,-1.0,-1.0,-1.0,0.0,-1.0,0.0,1.0,-1.0,-1.0,-1.0,-1.0,-1.0,-1.0,-1.0,-1.0,-1.0,-1.0,-1.0,-1.0,-1.0,-1.0,-1.0,-1.0,-1.0,-1.0,-1.0,-1.0,-1.0,0.0,-0.25,-0.4275,0.0,-0.3325,0.0,-1.0,1.0,-0.3325,-0.5,1.0,-0.2,0.0,0.0,-1.0,-1.0,0.0,1.0,0.3325,1.0,-0.5,-1.0,-1.0,-1.0,-1.0,-1.0,-1.0,-1.0,-1.0,-1.0,0.718
0.2,-0.6675,-1.0,-1.0,-1.0,0.0,-1.0,0.0,1.0,-1.0,-1.0,-1.0,-1.0,-1.0,-1.0,-1.0,-1.0,-1.0,-1.0,-1.0,-1.0,-1.0,-1.0,-1.0,-1.0,-1.0,-1.0,-1.0,-1.0,-1.0,-0.5,-0.5,-0.4275,-1.0,-1.0,-1.0,-1.0,0.0,-1.0,-1.0,-0.5,-1.0,0.0,0.0,-1.0,-1.0,-1.0,-1.0,-1.0,-1.0,1.0,0.0,-1.0,-1.0,-1.0,-1.0,1.0,1.0,0.3325,0.3325,0.757
-0.6,-1.0,-1.0,-1.0,-1.0,-1.0,-1.0,-1.0,-1.0,-1.0,-1.0,-1.0,-1.0,-1.0,-1.0,-1.0,-1.0,-1.0,-1.0,-1.0,-1.0,-1.0,-1.0,-1.0,-1.0,-1.0,-1.0,-1.0,-1.0,-1.0,-0.5,-1.0,-1.0,-1.0,-1.0,-1.0,-1.0,-1.0,-1.0,-1.0,-0.5,-1.0,0.0,0.0,-1.0,-1.0,-1.0,-1.0,-1.0,-1.0,-0.5,-1.0,-1.0,-1.0,-1.0,-1.0,-1.0,-1.0,-1.0,-1.0,0.104
-0.6,1.0,1.0,-1.0,-0.3325,-1.0,-1.0,0.0,-1.0,-1.0,-0.6,-1.0,-1.0,-1.0,-1.0,-1.0,-1.0,-1.0,-1.0,-1.0,-0.5,-1.0,-1.0,-1.0,-1.0,-1.0,-1.0,-1.0,-1.0,-1.0,-0.5,-1.0,-1.0,-1.0,-1.0,-1.0,-1.0,-1.0,-1.0,-1.0,-1.0,-1.0,0.0,0.0,-1.0,-1.0,-1.0,-1.0,-1.0,-1.0,-1.0,-1.0,-1.0,-1.0,-1.0,-1.0,-1.0,-1.0,-1.0,-1.0,0.45
0.2,-0.6675,-1.0,-1.0,-1.0,0.0,-1.0,0.0,1.0,-1.0,-1.0,-1.0,-1.0,-1.0,-1.0,-1.0,-1.0,-1.0,-1.0,-1.0,-1.0,-1.0,-1.0,-1.0,-1.0,-1.0,-1.0,-1.0,-1.0,-1.0,0.0,0.0,-0.715,-1.0,0.3325,0.0,-1.0,-1.0,-0.3325,-0.5,-1.0,-1.0,0.0,0.0,-1.0,-1.0,-1.0,-1.0,-1.0,-1.0,-1.0,-1.0,-1.0,-1.0,-1.0,-1.0,-1.0,-1.0,-1.0,-1.0,0.614
1.0,-0.3325,-1.0,-1.0,-1.0,-1.0,1.0,-1.0,1.0,0.0,-1.0,-1.0,-1.0,-1.0,-1.0,-1.0,-1.0,-1.0,-1.0,-1.0,-1.0,-1.0,-1.0,-1.0,-1.0,-1.0,-1.0,-1.0,-1.0,-1.0,-1.0,-1.0,-1.0,-1.0,-1.0,-1.0,-1.0,-1.0,-1.0,-1.0,-1.0,-1.0,0.0,0.0,-1.0,-1.0,-1.0,-1.0,-1.0,-1.0,-1.0,-1.0,-1.0,-1.0,-1.0,-1.0,-1.0,-1.0,-1.0,-1.0,0.595
-0.6,-1.0,-1.0,-1.0,-1.0,-1.0,-1.0,-1.0,-1.0,-1.0,-1.0,-1.0,-1.0,-1.0,-1.0,-1.0,-1.0,-1.0,-1.0,-1.0,-1.0,-1.0,-1.0,-1.0,-1.0,-1.0,-1.0,-1.0,-1.0,-1.0,-0.5,0.0,0.715,-1.0,-1.0,-1.0,-1.0,0.0,-1.0,-1.0,-0.5,-1.0,0.0,0.0,-1.0,-1.0,-1.0,-1.0,-1.0,-1.0,1.0,0.0,-1.0,-1.0,-1.0,-1.0,1.0,1.0,0.3325,0.3325,0.606
-0.6,0.3325,0.3325,-1.0,-1.0,-1.0,-1.0,0.0,-1.0,-1.0,-0.6,-1.0,-1.0,-1.0,-1.0,-1.0,-1.0,-1.0,-1.0,-1.0,0.0,1.0,1.0,1.0,1.0,1.0,-1.0,0.0,-0.3325,0.0,-0.5,-1.0,-1.0,-1.0,-1.0,-1.0,-1.0,-1.0,-1.0,-1.0,-1.0,-1.0,0.0,0.0,-1.0,-1.0,-1.0,-1.0,-1.0,-1.0,-1.0,-1.0,-1.0,-1.0,-1.0,-1.0,-1.0,-1.0,-1.0,-1.0,0.867
-0.6,-1.0,-1.0,-1.0,-1.0,-1.0,-1.0,-1.0,-1.0,-1.0,-1.0,-1.0,-1.0,-1.0,-1.0,-1.0,-1.0,-1.0,-1.0,-1.0,-1.0,-1.0,-1.0,-1.0,-1.0,-1.0,-1.0,-1.0,-1.0,-1.0,-0.5,-0.75,-1.0,-1.0,-1.0,-1.0,-1.0,0.0,-1.0,-1.0,-0.5,-1.0,0.0,0.0,-1.0,-1.0,-1.0,-1.0,-1.0,-1.0,-0.5,-1.0,-1.0,-1.0,-1.0,-1.0,-1.0,-1.0,-1.0,-1.0,0.798
-0.2,0.0,-0.3325,0.0,0.3325,0.0,-1.0,0.0,-0.3325,0.0,-0.6,-1.0,-1.0,-1.0,-1.0,-1.0,-1.0,-1.0,-1.0,-1.0,1.0,0.3325,-1.0,-1.0,-1.0,-1.0,1.0,1.0,0.3325,1.0,-0.5,-1.0,-1.0,-1.0,-1.0,-1.0,-1.0,-1.0,-1.0,-1.0,-1.0,-1.0,0.0,0.0,-1.0,-1.0,-1.0,-1.0,-1.0,-1.0,-1.0,-1.0,-1.0,-1.0,-1.0,-1.0,-1.0,-1.0,-1.0,-1.0,0.564
-0.2,0.0,-0.6675,0.0,-0.3325,0.0,-1.0,0.0,-0.3325,0.0,-1.0,-1.0,-1.0,-1.0,-1.0,-1.0,-1.0,-1.0,-1.0,-1.0,-1.0,-1.0,-1.0,-1.0,-1.0,-1.0,-1.0,-1.0,-1.0,-1.0,-0.5,0.0,0.1425,-1.0,-0.3325,-1.0,-1.0,0.0,-1.0,-1.0,-0.5,-1.0,0.0,0.0,-1.0,-1.0,-1.0,-1.0,-1.0,-1.0,-0.5,-1.0,-1.0,-1.0,-1.0,-1.0,-1.0,-1.0,-1.0,-1.0,0.396
0.2,-0.6675,-1.0,-1.0,-1.0,0.0,-1.0,0.0,1.0,-1.0,-1.0,-1.0,-1.0,-1.0,-1.0,-1.0,-1.0,-1.0,-1.0,-1.0,-1.0,-1.0,-1.0,-1.0,-1.0,-1.0,-1.0,-1.0,-1.0,-1.0,0.0,0.5,-0.4275,-1.0,-0.3325,0.0,-1.0,0.0,-0.3325,-0.5,-0.5,-1.0,0.0,0.0,-1.0,-1.0,-1.0,-1.0,-1.0,-1.0,1.0,0.0,-1.0,-1.0,-1.0,-1.0,1.0,1.0,0.3325,0.3325,0.45
0.2,-0.6675,-1.0,-1.0,-1.0,0.0,-1.0,0.0,1.0,-1.0,-1.0,-1.0,-1.0,-1.0,-1.0,-1.0,-1.0,-1.0,-1.0,-1.0,-1.0,-1.0,-1.0,-1.0,-1.0,-1.0,-1.0,-1.0,-1.0,-1.0,0.0,0.25,-0.1425,0.0,1.0,0.0,-1.0,0.0,-0.3325,-0.5,-0.5,-0.6,0.0,0.0,-1.0,-1.0,-1.0,0.0,-1.0,-1.0,1.0,0.0,-1.0,-1.0,-1.0,-1.0,1.0,1.0,0.3325,0.3325,0.751
-0.2,-0.3325,-1.0,0.0,-0.3325,1.0,-1.0,0.0,-0.3325,1.0,0.6,0.3325,-1.0,-1.0,-1.0,-1.0,0.0,1.0,0.3325,1.0,-0.5,-1.0,-1.0,-1.0,-1.0,-1.0,-1.0,-1.0,-1.0,-1.0,-0.5,-1.0,-1.0,-1.0,-1.0,-1.0,-1.0,-1.0,-1.0,-1.0,-1.0,-1.0,0.0,0.0,-1.0,-1.0,-1.0,-1.0,-1.0,-1.0,-1.0,-1.0,-1.0,-1.0,-1.0,-1.0,-1.0,-1.0,-1.0,-1.0,0.498
-0.6,-1.0,-1.0,-1.0,-1.0,-1.0,-1.0,-1.0,-1.0,-1.0,-1.0,-1.0,-1.0,-1.0,-1.0,-1.0,-1.0,-1.0,-1.0,-1.0,-1.0,-1.0,-1.0,-1.0,-1.0,-1.0,-1.0,-1.0,-1.0,-1.0,0.0,1.0,-0.715,0.0,-0.3325,0.0,-1.0,0.0,-0.3325,-0.5,-0.5,-1.0,0.0,0.0,-1.0,-1.0,-1.0,-1.0,-1.0,-1.0,1.0,0.0,-1.0,-1.0,-1.0,-1.0,1.0,1.0,0.3325,0.3325,0.423
-0.2,0.3325,-0.6675,1.0,0.3325,0.0,-1.0,0.0,-0.3325,0.0,-0.2,0.3325,-1.0,-1.0,1.0,1.0,-1.0,0.0,-0.3325,-1.0,-0.5,-1.0,-1.0,-1.0,-1.0,-1.0,-1.0,-1.0,-1.0,-1.0,-0.5,-1.0,-1.0,-1.0,-1.0,-1.0,-1.0,-1.0,-1.0,-1.0,-1.0,-1.0,0.0,0.0,-1.0,-1.0,-1.0,-1.0,-1.0,-1.0,-1.0,-1.0,-1.0,-1.0,-1.0,-1.0,-1.0,-1.0,-1.0,-1.0,0.792
0.2,-0.6675,-1.0,-1.0,-1.0,0.0,-1.0,0.0,1.0,-1.0,-1.0,-1.0,-1.0,-1.0,-1.0,-1.0,-1.0,-1.0,-1.0,-1.0,-1.0,-1.0,-1.0,-1.0,-1.0,-1.0,-1.0,-1.0,-1.0,-1.0,0.0,0.25,-0.715,-1.0,0.3325,0.0,-1.0,-1.0,-0.3325,0.0,-1.0,-1.0,0.0,0.0,-1.0,-1.0,-1.0,-1.0,-1.0,-1.0,-1.0,-1.0,-1.0,-1.0,-1.0,-1.0,-1.0,-1.0,-1.0,-1.0,0.641
-0.2,0.0,0.0,-1.0,0.3325,0.0,-1.0,0.0,-0.3325,-1.0,-0.6,-1.0,-1.0,-1.0,-1.0,-1.0,-1.0,-1.0,-1.0,-1.0,1.0,0.3325,-1.0,-1.0,-1.0,-1.0,1.0,1.0,0.3325,1.0,0.5,-0.75,-1.0,-1.0,-1.0,0.0,-1.0,0.0,1.0,-1.0,-1.0,-1.0,0.0,0.0,-1.0,-1.0,-1.0,-1.0,-1.0,-1.0,-1.0,-1.0,-1.0,-1.0,-1.0,-1.0,-1.0,-1.0,-1.0,-1.0,0.637
-0.2,0.0,0.0,-1.0,0.3325,0.0,-1.0,0.0,-0.3325,-1.0,-0.6,-1.0,-1.0,-1.0,-1.0,-1.0,-1.0,-1.0,-1.0,-1.0,0.0,1.0,1.0,1.0,1.0,1.0,-1.0,0.0,-0.3325,0.0,-0.5,-1.0,-1.0,-1.0,-1.0,-1.0,-1.0,-1.0,-1.0,-1.0,-1.0,-1.0,0.0,0.0,-1.0,-1.0,-1.0,-1.0,-1.0,-1.0,-1.0,-1.0,-1.0,-1.0,-1.0,-1.0,-1.0,-1.0,-1.0,-1.0,0.815
0.2,-0.6675,-1.0,-1.0,-1.0,0.0,-1.0,0.0,1.0,-1.0,-1.0,-1.0,-1.0,-1.0,-1.0,-1.0,-1.0,-1.0,-1.0,-1.0,-1.0,-1.0,-1.0,-1.0,-1.0,-1.0,-1.0,-1.0,-1.0,-1.0,0.0,-0.5,-0.4275,-1.0,-0.3325,-1.0,-1.0,0.0,-1.0,-1.0,-0.5,-1.0,0.0,0.0,-1.0,-1.0,-1.0,-1.0,-1.0,-1.0,1.0,1.0,-1.0,-1.0,1.0,-1.0,1.0,1.0,0.3325,1.0,0.68
-0.6,0.3325,0.3325,-1.0,-1.0,-1.0,-1.0,0.0,-1.0,-1.0,-0.2,1.0,1.0,1.0,1.0,1.0,-1.0,0.0,-0.3325,0.0,-0.5,-1.0,-1.0,-1.0,-1.0,-1.0,-1.0,-1.0,-1.0,-1.0,-0.5,-1.0,-1.0,-1.0,-1.0,-1.0,-1.0,-1.0,-1.0,-1.0,-1.0,-1.0,0.0,0.0,-1.0,-1.0,-1.0,-1.0,-1.0,-1.0,-1.0,-1.0,-1.0,-1.0,-1.0,-1.0,-1.0,-1.0,-1.0,-1.0,0.873
-0.6,0.3325,0.3325,-1.0,-1.0,-1.0,-1.0,0.0,-1.0,-1.0,-0.6,-1.0,-1.0,-1.0,-1.0,-1.0,-1.0,-1.0,-1.0,-1.0,-0.5,-1.0,-1.0,-1.0,-1.0,-1.0,-1.0,-1.0,-1.0,-1.0,-0.5,-1.0,-1.0,-1.0,-1.0,-1.0,-1.0,-1.0,-1.0,-1.0,-1.0,-1.0,0.0,0.0,-1.0,-1.0,-1.0,-1.0,-1.0,-1.0,-1.0,-1.0,-1.0,-1.0,-1.0,-1.0,-1.0,-1.0,-1.0,-1.0,0.861
-0.6,-1.0,-1.0,-1.0,-1.0,-1.0,-1.0,-1.0,-1.0,-1.0,-1.0,-1.0,-1.0,-1.0,-1.0,-1.0,-1.0,-1.0,-1.0,-1.0,-1.0,-1.0,-1.0,-1.0,-1.0,-1.0,-1.0,-1.0,-1.0,-1.0,0.0,-0.25,-0.1425,-1.0,0.3325,0.0,-1.0,0.0,-0.3325,-1.0,-0.5,-1.0,0.0,0.0,-1.0,-1.0,-1.0,-1.0,-1.0,-1.0,1.0,0.0,-1.0,-1.0,-1.0,-1.0,1.0,1.0,0.3325,0.3325,0.747
-0.6,0.3325,0.3325,-1.0,-1.0,-1.0,-1.0,0.0,-1.0,-1.0,0.6,0.3325,-1.0,-1.0,-1.0,-1.0,0.0,1.0,0.3325,1.0,0.5,-0.3325,-1.0,-1.0,-1.0,1.0,-1.0,0.0,1.0,-1.0,-0.5,-1.0,-1.0,-1.0,-1.0,-1.0,-1.0,-1.0,-1.0,-1.0,-1.0,-1.0,0.0,0.0,-1.0,-1.0,-1.0,-1.0,-1.0,-1.0,-1.0,-1.0,-1.0,-1.0,-1.0,-1.0,-1.0,-1.0,-1.0,-1.0,0.865
